YEAR,STATE,AVG_SCORE,TEST_SUBJECT,TEST_YEAR
2017,Alabama,232.170687741509,Mathematics,4
2017,Alaska,230.456277558902,Mathematics,4
2017,Arizona,234.435788152091,Mathematics,4
2017,Arkansas,233.848143678937,Mathematics,4
2017,California,232.262940994562,Mathematics,4
2017,Colorado,240.695016615505,Mathematics,4
2017,Connecticut,239.237650900737,Mathematics,4
2017,Delaware,236.127561706187,Mathematics,4
2017,District of Columbia,231.320462145503,Mathematics,4
2017,Florida,246.367695779459,Mathematics,4
2017,Georgia,236.383603027145,Mathematics,4
2017,Hawaii,237.919768737113,Mathematics,4
2017,Idaho,239.967514081181,Mathematics,4
2017,Illinois,238.118947435674,Mathematics,4
2017,Indiana,246.513750055807,Mathematics,4
2017,Iowa,243.107484364402,Mathematics,4
2017,Kansas,241.21280456721,Mathematics,4
2017,Kentucky,239.17825740582,Mathematics,4
2017,Louisiana,228.971745398005,Mathematics,4
2017,Maine,239.898994523321,Mathematics,4
2017,Maryland,240.601277324157,Mathematics,4
2017,Massachusetts,249.102673909928,Mathematics,4
2017,Michigan,235.555472547462,Mathematics,4
2017,Minnesota,248.804302567269,Mathematics,4
2017,Mississippi,234.69419302812,Mathematics,4
2017,Missouri,239.502289164298,Mathematics,4
2017,Montana,240.721634498618,Mathematics,4
2017,Nebraska,245.59067458725,Mathematics,4
2017,Nevada,231.685162157891,Mathematics,4
2017,New Hampshire,245.319838570829,Mathematics,4
2017,New Jersey,247.855231175611,Mathematics,4
2017,New Mexico,229.704281935704,Mathematics,4
2017,New York,235.548457260667,Mathematics,4
2017,North Carolina,240.951393074866,Mathematics,4
2017,North Dakota,244.243515259852,Mathematics,4
2017,Ohio,240.928372101796,Mathematics,4
2017,Oklahoma,237.326270225647,Mathematics,4
2017,Oregon,233.132459994163,Mathematics,4
2017,Pennsylvania,241.672327208486,Mathematics,4
2017,Rhode Island,237.554934304512,Mathematics,4
2017,South Carolina,234.043992967064,Mathematics,4
2017,South Dakota,241.58894696354,Mathematics,4
2017,Tennessee,236.692515382765,Mathematics,4
2017,Texas,240.943670668029,Mathematics,4
2017,Utah,242.480766246533,Mathematics,4
2017,Vermont,240.893297189484,Mathematics,4
2017,Virginia,248.041059058675,Mathematics,4
2017,Washington,241.701000965358,Mathematics,4
2017,West Virginia,236.057018907755,Mathematics,4
2017,Wisconsin,240.389213393097,Mathematics,4
2017,Wyoming,247.820619209134,Mathematics,4
2015,Alabama,230.977422662321,Mathematics,4
2015,Alaska,236.328416950897,Mathematics,4
2015,Arizona,237.61175542795,Mathematics,4
2015,Arkansas,235.215469726642,Mathematics,4
2015,California,231.549345006155,Mathematics,4
2015,Colorado,241.563575620412,Mathematics,4
2015,Connecticut,240.159468855002,Mathematics,4
2015,Delaware,238.67801881991,Mathematics,4
2015,District of Columbia,231.307525116183,Mathematics,4
2015,Florida,242.664320928614,Mathematics,4
2015,Georgia,236.452519256357,Mathematics,4
2015,Hawaii,237.895806837329,Mathematics,4
2015,Idaho,238.799624712685,Mathematics,4
2015,Illinois,237.307813789509,Mathematics,4
2015,Indiana,247.652183620087,Mathematics,4
2015,Iowa,243.339911874178,Mathematics,4
2015,Kansas,241.067208517258,Mathematics,4
2015,Kentucky,241.727761931052,Mathematics,4
2015,Louisiana,234.28190182677,Mathematics,4
2015,Maine,242.244654099765,Mathematics,4
2015,Maryland,239.49975090765,Mathematics,4
2015,Massachusetts,250.565777826282,Mathematics,4
2015,Michigan,235.728893690295,Mathematics,4
2015,Minnesota,249.575846952089,Mathematics,4
2015,Mississippi,234.243053139768,Mathematics,4
2015,Missouri,238.964922500718,Mathematics,4
2015,Montana,241.287048262014,Mathematics,4
2015,Nebraska,243.863666875446,Mathematics,4
2015,Nevada,233.827016206925,Mathematics,4
2015,New Hampshire,249.150621351838,Mathematics,4
2015,New Jersey,245.383220077076,Mathematics,4
2015,New Mexico,231.167235964367,Mathematics,4
2015,New York,236.796927043204,Mathematics,4
2015,North Carolina,243.742266788879,Mathematics,4
2015,North Dakota,244.71383057758,Mathematics,4
2015,Ohio,243.598591203345,Mathematics,4
2015,Oklahoma,239.760481447062,Mathematics,4
2015,Oregon,237.74670893826,Mathematics,4
2015,Pennsylvania,243.312239940824,Mathematics,4
2015,Rhode Island,238.001729682764,Mathematics,4
2015,South Carolina,237.089571458614,Mathematics,4
2015,South Dakota,239.723094945658,Mathematics,4
2015,Tennessee,240.667395743119,Mathematics,4
2015,Texas,244.00247204328,Mathematics,4
2015,Utah,242.562787058815,Mathematics,4
2015,Vermont,243.250399158154,Mathematics,4
2015,Virginia,246.612621705962,Mathematics,4
2015,Washington,244.981422185301,Mathematics,4
2015,West Virginia,235.204661462065,Mathematics,4
2015,Wisconsin,243.310211318799,Mathematics,4
2015,Wyoming,246.759764467268,Mathematics,4
2013,Alabama,232.861332466148,Mathematics,4
2013,Alaska,236.122004416339,Mathematics,4
2013,Arizona,240.304911470576,Mathematics,4
2013,Arkansas,239.89052210005,Mathematics,4
2013,California,233.654464624413,Mathematics,4
2013,Colorado,246.975708032011,Mathematics,4
2013,Connecticut,243.440297394202,Mathematics,4
2013,Delaware,243.107758182676,Mathematics,4
2013,District of Columbia,228.567253872576,Mathematics,4
2013,Florida,241.675809566843,Mathematics,4
2013,Georgia,240.04723664593,Mathematics,4
2013,Hawaii,243.308618941163,Mathematics,4
2013,Idaho,240.722019842936,Mathematics,4
2013,Illinois,239.000204017003,Mathematics,4
2013,Indiana,248.596777358002,Mathematics,4
2013,Iowa,245.793505546843,Mathematics,4
2013,Kansas,246.185701870944,Mathematics,4
2013,Kentucky,241.469926794712,Mathematics,4
2013,Louisiana,231.36630864379,Mathematics,4
2013,Maine,245.847001798672,Mathematics,4
2013,Maryland,245.169379546775,Mathematics,4
2013,Massachusetts,253.033785201779,Mathematics,4
2013,Michigan,236.819778402754,Mathematics,4
2013,Minnesota,253.420961133202,Mathematics,4
2013,Mississippi,231.105721411129,Mathematics,4
2013,Missouri,239.548361930055,Mathematics,4
2013,Montana,243.69888459472,Mathematics,4
2013,Nebraska,243.157929125431,Mathematics,4
2013,Nevada,236.262899387868,Mathematics,4
2013,New Hampshire,252.993525166642,Mathematics,4
2013,New Jersey,246.870909198593,Mathematics,4
2013,New Mexico,232.781432931356,Mathematics,4
2013,New York,240.349816866839,Mathematics,4
2013,North Carolina,244.801732892983,Mathematics,4
2013,North Dakota,246.424794889496,Mathematics,4
2013,Ohio,245.549796905114,Mathematics,4
2013,Oklahoma,238.921877478041,Mathematics,4
2013,Oregon,240.099252018006,Mathematics,4
2013,Pennsylvania,244.012619964297,Mathematics,4
2013,Rhode Island,241.416735236635,Mathematics,4
2013,South Carolina,236.625899742704,Mathematics,4
2013,South Dakota,240.981099722242,Mathematics,4
2013,Tennessee,239.774787022732,Mathematics,4
2013,Texas,241.926288740505,Mathematics,4
2013,Utah,242.820688734808,Mathematics,4
2013,Vermont,247.803294738209,Mathematics,4
2013,Virginia,246.177456938875,Mathematics,4
2013,Washington,246.288338069866,Mathematics,4
2013,West Virginia,237.440632664342,Mathematics,4
2013,Wisconsin,244.706291648161,Mathematics,4
2013,Wyoming,246.522400920115,Mathematics,4
2011,Alabama,231.286019035945,Mathematics,4
2011,Alaska,236.359658026107,Mathematics,4
2011,Arizona,235.157597045644,Mathematics,4
2011,Arkansas,237.810156979715,Mathematics,4
2011,California,234.164993212459,Mathematics,4
2011,Colorado,244.456097110102,Mathematics,4
2011,Connecticut,242.413406903396,Mathematics,4
2011,Delaware,240.359832433478,Mathematics,4
2011,District of Columbia,221.808283121753,Mathematics,4
2011,Florida,239.826451038787,Mathematics,4
2011,Georgia,238.366542086539,Mathematics,4
2011,Hawaii,238.82192776062,Mathematics,4
2011,Idaho,240.328832465338,Mathematics,4
2011,Illinois,238.836878932328,Mathematics,4
2011,Indiana,243.836875966553,Mathematics,4
2011,Iowa,242.604872948472,Mathematics,4
2011,Kansas,246.255334791443,Mathematics,4
2011,Kentucky,240.83070024317,Mathematics,4
2011,Louisiana,230.778869270132,Mathematics,4
2011,Maine,244.257016536718,Mathematics,4
2011,Maryland,247.106555813795,Mathematics,4
2011,Massachusetts,253.39645576405,Mathematics,4
2011,Michigan,236.402213706507,Mathematics,4
2011,Minnesota,249.186686145154,Mathematics,4
2011,Mississippi,229.868022217831,Mathematics,4
2011,Missouri,240.494831043156,Mathematics,4
2011,Montana,243.796606541624,Mathematics,4
2011,Nebraska,239.803268650576,Mathematics,4
2011,Nevada,237.031878873139,Mathematics,4
2011,New Hampshire,251.77883682247,Mathematics,4
2011,New Jersey,248.004162561751,Mathematics,4
2011,New Mexico,232.840370734081,Mathematics,4
2011,New York,237.519942618542,Mathematics,4
2011,North Carolina,244.517900763882,Mathematics,4
2011,North Dakota,245.156415994783,Mathematics,4
2011,Ohio,244.038621552155,Mathematics,4
2011,Oklahoma,237.429082274302,Mathematics,4
2011,Oregon,236.914497047468,Mathematics,4
2011,Pennsylvania,245.654910289272,Mathematics,4
2011,Rhode Island,241.624774676562,Mathematics,4
2011,South Carolina,237.303024975307,Mathematics,4
2011,South Dakota,240.979792262817,Mathematics,4
2011,Tennessee,232.901116982931,Mathematics,4
2011,Texas,241.10179365066,Mathematics,4
2011,Utah,242.537513114531,Mathematics,4
2011,Vermont,246.639729922321,Mathematics,4
2011,Virginia,245.333618143766,Mathematics,4
2011,Washington,243.182884658018,Mathematics,4
2011,West Virginia,234.655806758932,Mathematics,4
2011,Wisconsin,244.691865519641,Mathematics,4
2011,Wyoming,243.874435027563,Mathematics,4
2009,Alabama,227.962650411086,Mathematics,4
2009,Alaska,237.212284336122,Mathematics,4
2009,Arizona,229.991105224216,Mathematics,4
2009,Arkansas,237.540591911574,Mathematics,4
2009,California,231.674927207631,Mathematics,4
2009,Colorado,243.132439997085,Mathematics,4
2009,Connecticut,244.717742733409,Mathematics,4
2009,Delaware,239.490569439364,Mathematics,4
2009,District of Columbia,219.260141025805,Mathematics,4
2009,Florida,241.944909379496,Mathematics,4
2009,Georgia,236.029572886478,Mathematics,4
2009,Hawaii,235.679780829025,Mathematics,4
2009,Idaho,241.042802304013,Mathematics,4
2009,Illinois,238.28566884936,Mathematics,4
2009,Indiana,242.616809561118,Mathematics,4
2009,Iowa,242.595644002577,Mathematics,4
2009,Kansas,245.308653571101,Mathematics,4
2009,Kentucky,238.835902308004,Mathematics,4
2009,Louisiana,229.432455453722,Mathematics,4
2009,Maine,244.455732753958,Mathematics,4
2009,Maryland,243.795041028457,Mathematics,4
2009,Massachusetts,252.254789700548,Mathematics,4
2009,Michigan,236.279719737382,Mathematics,4
2009,Minnesota,249.455534206082,Mathematics,4
2009,Mississippi,227.262260849183,Mathematics,4
2009,Missouri,240.684380944942,Mathematics,4
2009,Montana,244.400751913997,Mathematics,4
2009,Nebraska,238.748463363704,Mathematics,4
2009,Nevada,235.152273891367,Mathematics,4
2009,New Hampshire,251.071752631735,Mathematics,4
2009,New Jersey,246.52986977978,Mathematics,4
2009,New Mexico,230.029589245712,Mathematics,4
2009,New York,240.641098758037,Mathematics,4
2009,North Carolina,243.778460132033,Mathematics,4
2009,North Dakota,245.18952627083,Mathematics,4
2009,Ohio,243.687552859397,Mathematics,4
2009,Oklahoma,236.780985587581,Mathematics,4
2009,Oregon,238.032327247651,Mathematics,4
2009,Pennsylvania,243.58787315025,Mathematics,4
2009,Rhode Island,238.766859093511,Mathematics,4
2009,South Carolina,235.668302476928,Mathematics,4
2009,South Dakota,242.097789760041,Mathematics,4
2009,Tennessee,231.825486199848,Mathematics,4
2009,Texas,240.464623710389,Mathematics,4
2009,Utah,240.318712615955,Mathematics,4
2009,Vermont,247.767226051132,Mathematics,4
2009,Virginia,243.0712968888,Mathematics,4
2009,Washington,242.257091212754,Mathematics,4
2009,West Virginia,232.983144485532,Mathematics,4
2009,Wisconsin,243.585253522635,Mathematics,4
2009,Wyoming,242.009195680162,Mathematics,4
2007,Alabama,228.520017965925,Mathematics,4
2007,Alaska,237.273893219325,Mathematics,4
2007,Arizona,231.936933545338,Mathematics,4
2007,Arkansas,237.670687444943,Mathematics,4
2007,California,230.034091233638,Mathematics,4
2007,Colorado,240.205890246617,Mathematics,4
2007,Connecticut,242.755646830159,Mathematics,4
2007,Delaware,241.794894891207,Mathematics,4
2007,District of Columbia,213.698898810354,Mathematics,4
2007,Florida,242.02025001893,Mathematics,4
2007,Georgia,235.209017091471,Mathematics,4
2007,Hawaii,234.286134982354,Mathematics,4
2007,Idaho,240.90284353732,Mathematics,4
2007,Illinois,237.287041319371,Mathematics,4
2007,Indiana,245.144254956403,Mathematics,4
2007,Iowa,242.819589303779,Mathematics,4
2007,Kansas,247.923654192161,Mathematics,4
2007,Kentucky,235.087920190601,Mathematics,4
2007,Louisiana,230.043119251121,Mathematics,4
2007,Maine,242.370603982666,Mathematics,4
2007,Maryland,240.328230691379,Mathematics,4
2007,Massachusetts,252.430319790792,Mathematics,4
2007,Michigan,237.605553465148,Mathematics,4
2007,Minnesota,246.997762406425,Mathematics,4
2007,Mississippi,227.612377077088,Mathematics,4
2007,Missouri,239.411102894897,Mathematics,4
2007,Montana,243.618811261651,Mathematics,4
2007,Nebraska,238.040808639328,Mathematics,4
2007,Nevada,231.781600510466,Mathematics,4
2007,New Hampshire,248.571526557139,Mathematics,4
2007,New Jersey,248.621522373251,Mathematics,4
2007,New Mexico,228.064312841995,Mathematics,4
2007,New York,242.543018179643,Mathematics,4
2007,North Carolina,241.617994022296,Mathematics,4
2007,North Dakota,245.415854173904,Mathematics,4
2007,Ohio,244.532731712557,Mathematics,4
2007,Oklahoma,236.80219418762,Mathematics,4
2007,Oregon,236.039657297687,Mathematics,4
2007,Pennsylvania,244.001273492789,Mathematics,4
2007,Rhode Island,235.877935752212,Mathematics,4
2007,South Carolina,237.107411454244,Mathematics,4
2007,South Dakota,241.213428581694,Mathematics,4
2007,Tennessee,232.753710108317,Mathematics,4
2007,Texas,242.339759859575,Mathematics,4
2007,Utah,239.404988906962,Mathematics,4
2007,Vermont,246.357404957214,Mathematics,4
2007,Virginia,243.521129783216,Mathematics,4
2007,Washington,242.542231984714,Mathematics,4
2007,West Virginia,236.337805800167,Mathematics,4
2007,Wisconsin,244.181214196835,Mathematics,4
2007,Wyoming,243.866915064284,Mathematics,4
2005,Alabama,225.071236241265,Mathematics,4
2005,Alaska,235.510705539745,Mathematics,4
2005,Arizona,229.800673071331,Mathematics,4
2005,Arkansas,235.54546696398,Mathematics,4
2005,California,230.366957499,Mathematics,4
2005,Colorado,239.21587446298,Mathematics,4
2005,Connecticut,242.120732361742,Mathematics,4
2005,Delaware,239.716912377166,Mathematics,4
2005,District of Columbia,211.122298531209,Mathematics,4
2005,Florida,238.930649601433,Mathematics,4
2005,Georgia,233.635737790752,Mathematics,4
2005,Hawaii,230.096875403391,Mathematics,4
2005,Idaho,241.650115742865,Mathematics,4
2005,Illinois,233.067493972686,Mathematics,4
2005,Indiana,240.069098810468,Mathematics,4
2005,Iowa,239.880801811134,Mathematics,4
2005,Kansas,245.782046485738,Mathematics,4
2005,Kentucky,231.492305367483,Mathematics,4
2005,Louisiana,230.231196413486,Mathematics,4
2005,Maine,240.691459684627,Mathematics,4
2005,Maryland,238.421706736664,Mathematics,4
2005,Massachusetts,247.33704896217,Mathematics,4
2005,Michigan,237.706002988511,Mathematics,4
2005,Minnesota,245.746191132071,Mathematics,4
2005,Mississippi,226.698844722803,Mathematics,4
2005,Missouri,235.035547623939,Mathematics,4
2005,Montana,240.575488552507,Mathematics,4
2005,Nebraska,237.706178475691,Mathematics,4
2005,Nevada,229.87159551388,Mathematics,4
2005,New Hampshire,245.625926399787,Mathematics,4
2005,New Jersey,243.978931397732,Mathematics,4
2005,New Mexico,224.027218256997,Mathematics,4
2005,New York,238.173976704232,Mathematics,4
2005,North Carolina,241.235549328958,Mathematics,4
2005,North Dakota,242.736995059317,Mathematics,4
2005,Ohio,242.105935222061,Mathematics,4
2005,Oklahoma,233.95532879955,Mathematics,4
2005,Oregon,238.324930566673,Mathematics,4
2005,Pennsylvania,240.572963311007,Mathematics,4
2005,Rhode Island,233.436772307714,Mathematics,4
2005,South Carolina,238.302675325314,Mathematics,4
2005,South Dakota,241.594186083007,Mathematics,4
2005,Tennessee,231.688079714459,Mathematics,4
2005,Texas,241.990916323988,Mathematics,4
2005,Utah,238.797423758414,Mathematics,4
2005,Vermont,243.528855394293,Mathematics,4
2005,Virginia,240.497568178325,Mathematics,4
2005,Washington,241.684674518239,Mathematics,4
2005,West Virginia,230.843267916573,Mathematics,4
2005,Wisconsin,240.568581924116,Mathematics,4
2005,Wyoming,242.955913765367,Mathematics,4
2003,Alabama,223.344642639352,Mathematics,4
2003,Alaska,232.991654321336,Mathematics,4
2003,Arizona,228.911396070184,Mathematics,4
2003,Arkansas,229.006588656244,Mathematics,4
2003,California,227.454981796736,Mathematics,4
2003,Colorado,235.193116124996,Mathematics,4
2003,Connecticut,240.615241634523,Mathematics,4
2003,Delaware,235.859424549367,Mathematics,4
2003,District of Columbia,204.919850427599,Mathematics,4
2003,Florida,233.72881145807,Mathematics,4
2003,Georgia,230.254976798559,Mathematics,4
2003,Hawaii,226.834610206384,Mathematics,4
2003,Idaho,234.943764703458,Mathematics,4
2003,Illinois,232.856775292011,Mathematics,4
2003,Indiana,237.968279887063,Mathematics,4
2003,Iowa,238.476694547401,Mathematics,4
2003,Kansas,241.747365761914,Mathematics,4
2003,Kentucky,228.726343259531,Mathematics,4
2003,Louisiana,226.247729119261,Mathematics,4
2003,Maine,237.615710381625,Mathematics,4
2003,Maryland,233.079852288453,Mathematics,4
2003,Massachusetts,241.664527429109,Mathematics,4
2003,Michigan,235.686974674139,Mathematics,4
2003,Minnesota,241.912295583077,Mathematics,4
2003,Mississippi,222.890600506289,Mathematics,4
2003,Missouri,234.836425354607,Mathematics,4
2003,Montana,235.754915265689,Mathematics,4
2003,Nebraska,236.254108414529,Mathematics,4
2003,Nevada,227.513598313738,Mathematics,4
2003,New Hampshire,243.110142195237,Mathematics,4
2003,New Jersey,238.776541201516,Mathematics,4
2003,New Mexico,222.518009239083,Mathematics,4
2003,New York,235.930075481869,Mathematics,4
2003,North Carolina,242.040125606164,Mathematics,4
2003,North Dakota,237.577386832979,Mathematics,4
2003,Ohio,237.782067895563,Mathematics,4
2003,Oklahoma,229.096621276342,Mathematics,4
2003,Oregon,236.30590556784,Mathematics,4
2003,Pennsylvania,235.947017122469,Mathematics,4
2003,Rhode Island,230.297961992373,Mathematics,4
2003,South Carolina,235.793223537785,Mathematics,4
2003,South Dakota,237.264820552788,Mathematics,4
2003,Tennessee,227.755044720773,Mathematics,4
2003,Texas,237.305921828857,Mathematics,4
2003,Utah,234.782950865289,Mathematics,4
2003,Vermont,241.926072418459,Mathematics,4
2003,Virginia,239.203089120035,Mathematics,4
2003,Washington,238.292839469301,Mathematics,4
2003,West Virginia,230.767748452518,Mathematics,4
2003,Wisconsin,236.755413982726,Mathematics,4
2003,Wyoming,241.085700646279,Mathematics,4
2000,Alabama,217.941052958109,Mathematics,4
2000,Alaska,—,Mathematics,4
2000,Arizona,218.766619064154,Mathematics,4
2000,Arkansas,217.062869511002,Mathematics,4
2000,California,213.565125054589,Mathematics,4
2000,Colorado,—,Mathematics,4
2000,Connecticut,234.243374725987,Mathematics,4
2000,Delaware,—,Mathematics,4
2000,District of Columbia,193.289774483301,Mathematics,4
2000,Florida,—,Mathematics,4
2000,Georgia,219.556757129447,Mathematics,4
2000,Hawaii,215.846798551931,Mathematics,4
2000,Idaho,226.893784504573,Mathematics,4
2000,Illinois,224.930411301324,Mathematics,4
2000,Indiana,234.421428848088,Mathematics,4
2000,Iowa,232.896934923163,Mathematics,4
2000,Kansas,231.953434575423,Mathematics,4
2000,Kentucky,220.993596656925,Mathematics,4
2000,Louisiana,217.963756187095,Mathematics,4
2000,Maine,230.568645999965,Mathematics,4
2000,Maryland,222.310406824294,Mathematics,4
2000,Massachusetts,234.959613253214,Mathematics,4
2000,Michigan,230.886972490047,Mathematics,4
2000,Minnesota,235.270887580604,Mathematics,4
2000,Mississippi,210.970350280497,Mathematics,4
2000,Missouri,228.552813806015,Mathematics,4
2000,Montana,229.812004834534,Mathematics,4
2000,Nebraska,225.945335824734,Mathematics,4
2000,Nevada,220.27486645014,Mathematics,4
2000,New Hampshire,—,Mathematics,4
2000,New Jersey,—,Mathematics,4
2000,New Mexico,213.868300752056,Mathematics,4
2000,New York,226.559060716282,Mathematics,4
2000,North Carolina,232.463064828177,Mathematics,4
2000,North Dakota,230.892957801454,Mathematics,4
2000,Ohio,230.574216614128,Mathematics,4
2000,Oklahoma,225.041922238883,Mathematics,4
2000,Oregon,226.629491141052,Mathematics,4
2000,Pennsylvania,—,Mathematics,4
2000,Rhode Island,224.633857260814,Mathematics,4
2000,South Carolina,220.417006234898,Mathematics,4
2000,South Dakota,—,Mathematics,4
2000,Tennessee,219.83558730332,Mathematics,4
2000,Texas,232.666029716375,Mathematics,4
2000,Utah,227.292673197294,Mathematics,4
2000,Vermont,231.697736382797,Mathematics,4
2000,Virginia,230.39480892808,Mathematics,4
2000,Washington,—,Mathematics,4
2000,West Virginia,224.848298072233,Mathematics,4
2000,Wisconsin,‡,Mathematics,4
2000,Wyoming,229.251922742069,Mathematics,4
1996,Alabama,211.646973546124,Mathematics,4
1996,Alaska,223.833454560976,Mathematics,4
1996,Arizona,217.575940481046,Mathematics,4
1996,Arkansas,215.846435996042,Mathematics,4
1996,California,209.129082678747,Mathematics,4
1996,Colorado,225.805857540771,Mathematics,4
1996,Connecticut,232.02657385064,Mathematics,4
1996,Delaware,215.025101739945,Mathematics,4
1996,District of Columbia,187.134669958413,Mathematics,4
1996,Florida,215.763582637868,Mathematics,4
1996,Georgia,215.455861748735,Mathematics,4
1996,Hawaii,214.96556158973,Mathematics,4
1996,Idaho,—,Mathematics,4
1996,Illinois,—,Mathematics,4
1996,Indiana,229.39444358509,Mathematics,4
1996,Iowa,229.126198396135,Mathematics,4
1996,Kansas,—,Mathematics,4
1996,Kentucky,219.988194977368,Mathematics,4
1996,Louisiana,209.020670031591,Mathematics,4
1996,Maine,232.20704454562,Mathematics,4
1996,Maryland,220.694960669238,Mathematics,4
1996,Massachusetts,228.96640259421,Mathematics,4
1996,Michigan,226.258056387908,Mathematics,4
1996,Minnesota,232.193088399935,Mathematics,4
1996,Mississippi,208.434118577159,Mathematics,4
1996,Missouri,224.734461780233,Mathematics,4
1996,Montana,227.51623614729,Mathematics,4
1996,Nebraska,227.543992729424,Mathematics,4
1996,Nevada,217.62261218492,Mathematics,4
1996,New Hampshire,—,Mathematics,4
1996,New Jersey,227.24016718489,Mathematics,4
1996,New Mexico,213.844024972342,Mathematics,4
1996,New York,222.634058698567,Mathematics,4
1996,North Carolina,224.325124938225,Mathematics,4
1996,North Dakota,230.904183161864,Mathematics,4
1996,Ohio,—,Mathematics,4
1996,Oklahoma,—,Mathematics,4
1996,Oregon,223.476164730433,Mathematics,4
1996,Pennsylvania,226.212014670008,Mathematics,4
1996,Rhode Island,220.418093917479,Mathematics,4
1996,South Carolina,213.194414923382,Mathematics,4
1996,South Dakota,—,Mathematics,4
1996,Tennessee,219.17624797699,Mathematics,4
1996,Texas,228.712919803307,Mathematics,4
1996,Utah,226.515841243447,Mathematics,4
1996,Vermont,224.881060125342,Mathematics,4
1996,Virginia,222.64321299686,Mathematics,4
1996,Washington,225.053298123518,Mathematics,4
1996,West Virginia,223.350132747101,Mathematics,4
1996,Wisconsin,231.411851479624,Mathematics,4
1996,Wyoming,223.196002932912,Mathematics,4
1992,Alabama,208.327875923738,Mathematics,4
1992,Alaska,—,Mathematics,4
1992,Arizona,215.2539320246,Mathematics,4
1992,Arkansas,210.20602809793,Mathematics,4
1992,California,208.398960917183,Mathematics,4
1992,Colorado,221.023429078871,Mathematics,4
1992,Connecticut,226.798480037624,Mathematics,4
1992,Delaware,217.899972448292,Mathematics,4
1992,District of Columbia,192.600553142028,Mathematics,4
1992,Florida,213.689751163468,Mathematics,4
1992,Georgia,215.594906163657,Mathematics,4
1992,Hawaii,214.056666073088,Mathematics,4
1992,Idaho,221.56253448883,Mathematics,4
1992,Illinois,—,Mathematics,4
1992,Indiana,221.037742474195,Mathematics,4
1992,Iowa,229.88407790241,Mathematics,4
1992,Kansas,—,Mathematics,4
1992,Kentucky,215.048157721324,Mathematics,4
1992,Louisiana,204.140211329176,Mathematics,4
1992,Maine,231.638839938625,Mathematics,4
1992,Maryland,217.317707935899,Mathematics,4
1992,Massachusetts,226.597917776042,Mathematics,4
1992,Michigan,219.878352304218,Mathematics,4
1992,Minnesota,228.493596281064,Mathematics,4
1992,Mississippi,201.828261189784,Mathematics,4
1992,Missouri,222.215599760081,Mathematics,4
1992,Montana,—,Mathematics,4
1992,Nebraska,225.332647533132,Mathematics,4
1992,Nevada,—,Mathematics,4
1992,New Hampshire,229.664563843433,Mathematics,4
1992,New Jersey,227.148047044089,Mathematics,4
1992,New Mexico,213.299089872535,Mathematics,4
1992,New York,218.445535292573,Mathematics,4
1992,North Carolina,212.884489891009,Mathematics,4
1992,North Dakota,228.662815340539,Mathematics,4
1992,Ohio,218.711934884257,Mathematics,4
1992,Oklahoma,220.31980591536,Mathematics,4
1992,Oregon,—,Mathematics,4
1992,Pennsylvania,224.305731577843,Mathematics,4
1992,Rhode Island,215.449248153985,Mathematics,4
1992,South Carolina,212.49671380608,Mathematics,4
1992,South Dakota,—,Mathematics,4
1992,Tennessee,210.948227412449,Mathematics,4
1992,Texas,217.918744453105,Mathematics,4
1992,Utah,224.042247672311,Mathematics,4
1992,Vermont,—,Mathematics,4
1992,Virginia,220.762964215734,Mathematics,4
1992,Washington,—,Mathematics,4
1992,West Virginia,215.268928423619,Mathematics,4
1992,Wisconsin,228.692001118186,Mathematics,4
1992,Wyoming,225.377591635114,Mathematics,4
2017,Alabama,268.312020240893,Mathematics,8
2017,Alaska,277.015571755108,Mathematics,8
2017,Arizona,282.248145284054,Mathematics,8
2017,Arkansas,273.75990725281,Mathematics,8
2017,California,276.638200063835,Mathematics,8
2017,Colorado,286.247717546748,Mathematics,8
2017,Connecticut,284.144330330682,Mathematics,8
2017,Delaware,278.023498869959,Mathematics,8
2017,District of Columbia,265.779770573735,Mathematics,8
2017,Florida,279.120415156315,Mathematics,8
2017,Georgia,281.035487532394,Mathematics,8
2017,Hawaii,277.336845826814,Mathematics,8
2017,Idaho,284.371732938877,Mathematics,8
2017,Illinois,281.617997668016,Mathematics,8
2017,Indiana,287.705639463898,Mathematics,8
2017,Iowa,286.239418158172,Mathematics,8
2017,Kansas,285.283507884924,Mathematics,8
2017,Kentucky,277.714161796085,Mathematics,8
2017,Louisiana,266.506760283641,Mathematics,8
2017,Maine,284.003007342022,Mathematics,8
2017,Maryland,280.910245611123,Mathematics,8
2017,Massachusetts,297.0422252108,Mathematics,8
2017,Michigan,279.505454699336,Mathematics,8
2017,Minnesota,293.962375743927,Mathematics,8
2017,Mississippi,270.91490754267,Mathematics,8
2017,Missouri,280.596021606445,Mathematics,8
2017,Montana,285.600436850241,Mathematics,8
2017,Nebraska,288.405955332178,Mathematics,8
2017,Nevada,275.365455514069,Mathematics,8
2017,New Hampshire,293.290654433387,Mathematics,8
2017,New Jersey,291.698552399307,Mathematics,8
2017,New Mexico,269.374084020303,Mathematics,8
2017,New York,281.687999953596,Mathematics,8
2017,North Carolina,281.926028447068,Mathematics,8
2017,North Dakota,288.172322165675,Mathematics,8
2017,Ohio,287.714266317975,Mathematics,8
2017,Oklahoma,274.688883411113,Mathematics,8
2017,Oregon,282.173028442268,Mathematics,8
2017,Pennsylvania,286.393832326288,Mathematics,8
2017,Rhode Island,277.180125645798,Mathematics,8
2017,South Carolina,274.67382111862,Mathematics,8
2017,South Dakota,286.376159534544,Mathematics,8
2017,Tennessee,278.777735468651,Mathematics,8
2017,Texas,282.320510342396,Mathematics,8
2017,Utah,286.816559110458,Mathematics,8
2017,Vermont,287.62338824063,Mathematics,8
2017,Virginia,290.081407427647,Mathematics,8
2017,Washington,289.131257183192,Mathematics,8
2017,West Virginia,273.415853633933,Mathematics,8
2017,Wisconsin,288.143144315469,Mathematics,8
2017,Wyoming,288.761811740442,Mathematics,8
2015,Alabama,266.555318518065,Mathematics,8
2015,Alaska,280.493456179845,Mathematics,8
2015,Arizona,282.919489420654,Mathematics,8
2015,Arkansas,275.064756412469,Mathematics,8
2015,California,275.324573012154,Mathematics,8
2015,Colorado,285.539188724412,Mathematics,8
2015,Connecticut,283.956677264342,Mathematics,8
2015,Delaware,279.810243773994,Mathematics,8
2015,District of Columbia,263.059776256545,Mathematics,8
2015,Florida,275.323817958749,Mathematics,8
2015,Georgia,278.711796774375,Mathematics,8
2015,Hawaii,279.340145034503,Mathematics,8
2015,Idaho,283.742325345327,Mathematics,8
2015,Illinois,281.968567276813,Mathematics,8
2015,Indiana,287.175201077669,Mathematics,8
2015,Iowa,286.41621998599,Mathematics,8
2015,Kansas,283.871096311731,Mathematics,8
2015,Kentucky,277.947260135803,Mathematics,8
2015,Louisiana,268.432355132751,Mathematics,8
2015,Maine,284.875476957911,Mathematics,8
2015,Maryland,283.149034098785,Mathematics,8
2015,Massachusetts,296.908571436848,Mathematics,8
2015,Michigan,278.168651923457,Mathematics,8
2015,Minnesota,294.147777973073,Mathematics,8
2015,Mississippi,270.580479347121,Mathematics,8
2015,Missouri,280.821425670635,Mathematics,8
2015,Montana,287.464005517244,Mathematics,8
2015,Nebraska,286.498563486228,Mathematics,8
2015,Nevada,275.171868843271,Mathematics,8
2015,New Hampshire,294.413018726344,Mathematics,8
2015,New Jersey,293.36593817877,Mathematics,8
2015,New Mexico,270.897534405553,Mathematics,8
2015,New York,280.089220069279,Mathematics,8
2015,North Carolina,281.331091062317,Mathematics,8
2015,North Dakota,288.244147214039,Mathematics,8
2015,Ohio,285.061955059169,Mathematics,8
2015,Oklahoma,274.58598213814,Mathematics,8
2015,Oregon,282.814899352646,Mathematics,8
2015,Pennsylvania,283.668415444349,Mathematics,8
2015,Rhode Island,281.445219579398,Mathematics,8
2015,South Carolina,275.827866191395,Mathematics,8
2015,South Dakota,284.64140569224,Mathematics,8
2015,Tennessee,278.203380665353,Mathematics,8
2015,Texas,283.793540280437,Mathematics,8
2015,Utah,286.116911188659,Mathematics,8
2015,Vermont,290.355191159079,Mathematics,8
2015,Virginia,287.709298675278,Mathematics,8
2015,Washington,286.513107597489,Mathematics,8
2015,West Virginia,271.45070884715,Mathematics,8
2015,Wisconsin,289.077749211995,Mathematics,8
2015,Wyoming,286.666547067471,Mathematics,8
2013,Alabama,269.194280616502,Mathematics,8
2013,Alaska,281.559572836526,Mathematics,8
2013,Arizona,279.722267962505,Mathematics,8
2013,Arkansas,277.914802456258,Mathematics,8
2013,California,275.901350652197,Mathematics,8
2013,Colorado,289.68180010958,Mathematics,8
2013,Connecticut,285.243972274119,Mathematics,8
2013,Delaware,282.338298596548,Mathematics,8
2013,District of Columbia,265.259365712508,Mathematics,8
2013,Florida,280.855839554008,Mathematics,8
2013,Georgia,279.179110912454,Mathematics,8
2013,Hawaii,281.412922288425,Mathematics,8
2013,Idaho,286.413881629757,Mathematics,8
2013,Illinois,284.897647164169,Mathematics,8
2013,Indiana,287.767653833023,Mathematics,8
2013,Iowa,285.07013777479,Mathematics,8
2013,Kansas,289.518256078135,Mathematics,8
2013,Kentucky,280.64544247635,Mathematics,8
2013,Louisiana,272.760966478426,Mathematics,8
2013,Maine,288.731159737956,Mathematics,8
2013,Maryland,286.641381102957,Mathematics,8
2013,Massachusetts,300.568235011147,Mathematics,8
2013,Michigan,280.133597093752,Mathematics,8
2013,Minnesota,294.592972603507,Mathematics,8
2013,Mississippi,271.160967287249,Mathematics,8
2013,Missouri,282.988457911702,Mathematics,8
2013,Montana,289.228453008852,Mathematics,8
2013,Nebraska,285.061348473454,Mathematics,8
2013,Nevada,278.28668090862,Mathematics,8
2013,New Hampshire,295.665123344221,Mathematics,8
2013,New Jersey,296.053351131027,Mathematics,8
2013,New Mexico,272.761808894229,Mathematics,8
2013,New York,281.807787831651,Mathematics,8
2013,North Carolina,285.645388424867,Mathematics,8
2013,North Dakota,290.515111260981,Mathematics,8
2013,Ohio,289.528096752185,Mathematics,8
2013,Oklahoma,275.506732026577,Mathematics,8
2013,Oregon,283.524589064024,Mathematics,8
2013,Pennsylvania,289.623651633339,Mathematics,8
2013,Rhode Island,284.092212214805,Mathematics,8
2013,South Carolina,279.824608578537,Mathematics,8
2013,South Dakota,287.270390625653,Mathematics,8
2013,Tennessee,277.720127269641,Mathematics,8
2013,Texas,288.198967599188,Mathematics,8
2013,Utah,284.331486246838,Mathematics,8
2013,Vermont,295.469562357463,Mathematics,8
2013,Virginia,288.142959517699,Mathematics,8
2013,Washington,289.956988743835,Mathematics,8
2013,West Virginia,274.430134697899,Mathematics,8
2013,Wisconsin,288.745780841654,Mathematics,8
2013,Wyoming,288.119137263578,Mathematics,8
2011,Alabama,269.09651583719,Mathematics,8
2011,Alaska,283.2727978671,Mathematics,8
2011,Arizona,279.033501713793,Mathematics,8
2011,Arkansas,279.088205018109,Mathematics,8
2011,California,272.769803091291,Mathematics,8
2011,Colorado,291.7426728709,Mathematics,8
2011,Connecticut,286.999944694085,Mathematics,8
2011,Delaware,282.769966403216,Mathematics,8
2011,District of Columbia,260.46687784992,Mathematics,8
2011,Florida,277.837035214102,Mathematics,8
2011,Georgia,278.483619188656,Mathematics,8
2011,Hawaii,277.836211052583,Mathematics,8
2011,Idaho,286.675063250389,Mathematics,8
2011,Illinois,283.228134687939,Mathematics,8
2011,Indiana,285.00291608665,Mathematics,8
2011,Iowa,284.920836058704,Mathematics,8
2011,Kansas,289.61928267474,Mathematics,8
2011,Kentucky,281.608809706829,Mathematics,8
2011,Louisiana,272.843333892634,Mathematics,8
2011,Maine,288.732297636602,Mathematics,8
2011,Maryland,287.997802255227,Mathematics,8
2011,Massachusetts,298.512431105164,Mathematics,8
2011,Michigan,280.176517968298,Mathematics,8
2011,Minnesota,294.946422810345,Mathematics,8
2011,Mississippi,269.235645624753,Mathematics,8
2011,Missouri,281.947646246654,Mathematics,8
2011,Montana,292.907804277033,Mathematics,8
2011,Nebraska,283.197044839966,Mathematics,8
2011,Nevada,278.113153726165,Mathematics,8
2011,New Hampshire,292.10873973776,Mathematics,8
2011,New Jersey,294.138771366004,Mathematics,8
2011,New Mexico,274.454701456959,Mathematics,8
2011,New York,280.453026092986,Mathematics,8
2011,North Carolina,286.267028242857,Mathematics,8
2011,North Dakota,291.998404485775,Mathematics,8
2011,Ohio,288.602596832439,Mathematics,8
2011,Oklahoma,279.179608185009,Mathematics,8
2011,Oregon,282.518206779261,Mathematics,8
2011,Pennsylvania,286.102741735941,Mathematics,8
2011,Rhode Island,282.875659622898,Mathematics,8
2011,South Carolina,281.000133716553,Mathematics,8
2011,South Dakota,290.61519679044,Mathematics,8
2011,Tennessee,274.038710319906,Mathematics,8
2011,Texas,290.346709355265,Mathematics,8
2011,Utah,283.308332086503,Mathematics,8
2011,Vermont,293.882577068531,Mathematics,8
2011,Virginia,289.255411153431,Mathematics,8
2011,Washington,288.107761945489,Mathematics,8
2011,West Virginia,273.263173122564,Mathematics,8
2011,Wisconsin,288.665932686223,Mathematics,8
2011,Wyoming,287.767926048951,Mathematics,8
2009,Alabama,268.524120315168,Mathematics,8
2009,Alaska,283.047662800849,Mathematics,8
2009,Arizona,277.332281962623,Mathematics,8
2009,Arkansas,275.999499994013,Mathematics,8
2009,California,270.448588146426,Mathematics,8
2009,Colorado,287.372907515934,Mathematics,8
2009,Connecticut,288.608513451696,Mathematics,8
2009,Delaware,283.829472979958,Mathematics,8
2009,District of Columbia,253.595186871272,Mathematics,8
2009,Florida,279.33526411278,Mathematics,8
2009,Georgia,277.561199732371,Mathematics,8
2009,Hawaii,273.758606683625,Mathematics,8
2009,Idaho,287.305215052426,Mathematics,8
2009,Illinois,282.431416992088,Mathematics,8
2009,Indiana,286.809977886735,Mathematics,8
2009,Iowa,284.170178554705,Mathematics,8
2009,Kansas,288.596403041255,Mathematics,8
2009,Kentucky,279.284216093787,Mathematics,8
2009,Louisiana,272.379906697646,Mathematics,8
2009,Maine,286.361425938805,Mathematics,8
2009,Maryland,288.341565298202,Mathematics,8
2009,Massachusetts,298.854346618482,Mathematics,8
2009,Michigan,278.268168151681,Mathematics,8
2009,Minnesota,294.443320106986,Mathematics,8
2009,Mississippi,265.001958154729,Mathematics,8
2009,Missouri,285.808001946777,Mathematics,8
2009,Montana,291.542942879491,Mathematics,8
2009,Nebraska,284.259093531038,Mathematics,8
2009,Nevada,274.148541684888,Mathematics,8
2009,New Hampshire,292.321817220053,Mathematics,8
2009,New Jersey,292.657227109585,Mathematics,8
2009,New Mexico,269.704253797704,Mathematics,8
2009,New York,282.576915418605,Mathematics,8
2009,North Carolina,284.332635252336,Mathematics,8
2009,North Dakota,292.842488544915,Mathematics,8
2009,Ohio,285.583013784517,Mathematics,8
2009,Oklahoma,275.711956830545,Mathematics,8
2009,Oregon,285.036814371216,Mathematics,8
2009,Pennsylvania,288.304168923925,Mathematics,8
2009,Rhode Island,277.92371937219,Mathematics,8
2009,South Carolina,280.380855413571,Mathematics,8
2009,South Dakota,290.619127707892,Mathematics,8
2009,Tennessee,274.761821088186,Mathematics,8
2009,Texas,286.685076683873,Mathematics,8
2009,Utah,284.068251870422,Mathematics,8
2009,Vermont,292.866096352356,Mathematics,8
2009,Virginia,286.069754986907,Mathematics,8
2009,Washington,288.722375608773,Mathematics,8
2009,West Virginia,270.415765915327,Mathematics,8
2009,Wisconsin,288.140726236317,Mathematics,8
2009,Wyoming,286.10403398533,Mathematics,8
2007,Alabama,266.000109919931,Mathematics,8
2007,Alaska,282.557154120707,Mathematics,8
2007,Arizona,275.548426408372,Mathematics,8
2007,Arkansas,273.89986215628,Mathematics,8
2007,California,270.381784005669,Mathematics,8
2007,Colorado,286.192756166341,Mathematics,8
2007,Connecticut,282.472790062009,Mathematics,8
2007,Delaware,282.992082743316,Mathematics,8
2007,District of Columbia,248.198742417967,Mathematics,8
2007,Florida,277.383497256758,Mathematics,8
2007,Georgia,274.778664644925,Mathematics,8
2007,Hawaii,268.772013351933,Mathematics,8
2007,Idaho,283.507595771493,Mathematics,8
2007,Illinois,280.497096028329,Mathematics,8
2007,Indiana,285.007210900174,Mathematics,8
2007,Iowa,285.226903146597,Mathematics,8
2007,Kansas,290.032599829257,Mathematics,8
2007,Kentucky,278.704749914375,Mathematics,8
2007,Louisiana,272.386299598469,Mathematics,8
2007,Maine,286.472253115987,Mathematics,8
2007,Maryland,285.734265236821,Mathematics,8
2007,Massachusetts,297.923344483955,Mathematics,8
2007,Michigan,276.830517083696,Mathematics,8
2007,Minnesota,291.85111653854,Mathematics,8
2007,Mississippi,264.890918700127,Mathematics,8
2007,Missouri,280.619538285703,Mathematics,8
2007,Montana,287.075528953695,Mathematics,8
2007,Nebraska,283.650598646173,Mathematics,8
2007,Nevada,270.804024374923,Mathematics,8
2007,New Hampshire,287.557060954994,Mathematics,8
2007,New Jersey,288.583451449458,Mathematics,8
2007,New Mexico,267.538078662633,Mathematics,8
2007,New York,280.141177237476,Mathematics,8
2007,North Carolina,283.880668759806,Mathematics,8
2007,North Dakota,291.561611918756,Mathematics,8
2007,Ohio,284.851639473941,Mathematics,8
2007,Oklahoma,274.534989354995,Mathematics,8
2007,Oregon,283.826277204194,Mathematics,8
2007,Pennsylvania,286.16686332577,Mathematics,8
2007,Rhode Island,275.386990471622,Mathematics,8
2007,South Carolina,281.503601480921,Mathematics,8
2007,South Dakota,288.463925271604,Mathematics,8
2007,Tennessee,273.978786623685,Mathematics,8
2007,Texas,285.870708420456,Mathematics,8
2007,Utah,281.087473705525,Mathematics,8
2007,Vermont,291.010773791979,Mathematics,8
2007,Virginia,287.625904963882,Mathematics,8
2007,Washington,284.862804344983,Mathematics,8
2007,West Virginia,270.084093587271,Mathematics,8
2007,Wisconsin,285.617942521924,Mathematics,8
2007,Wyoming,286.987771483089,Mathematics,8
2005,Alabama,262.211100048323,Mathematics,8
2005,Alaska,278.958709394219,Mathematics,8
2005,Arizona,274.305090048274,Mathematics,8
2005,Arkansas,271.636348366415,Mathematics,8
2005,California,268.558128581435,Mathematics,8
2005,Colorado,280.824007310133,Mathematics,8
2005,Connecticut,281.068953005311,Mathematics,8
2005,Delaware,280.95354283122,Mathematics,8
2005,District of Columbia,245.215780768922,Mathematics,8
2005,Florida,274.04837689748,Mathematics,8
2005,Georgia,272.191564411022,Mathematics,8
2005,Hawaii,265.629319114115,Mathematics,8
2005,Idaho,280.966896649599,Mathematics,8
2005,Illinois,277.672238913307,Mathematics,8
2005,Indiana,281.714945536305,Mathematics,8
2005,Iowa,283.810928831672,Mathematics,8
2005,Kansas,284.030053484553,Mathematics,8
2005,Kentucky,273.983027164396,Mathematics,8
2005,Louisiana,267.755030846034,Mathematics,8
2005,Maine,281.058540918142,Mathematics,8
2005,Maryland,277.930794576753,Mathematics,8
2005,Massachusetts,291.5135411152,Mathematics,8
2005,Michigan,277.346681960374,Mathematics,8
2005,Minnesota,290.074995791089,Mathematics,8
2005,Mississippi,262.456242710419,Mathematics,8
2005,Missouri,276.44993926095,Mathematics,8
2005,Montana,286.432001216413,Mathematics,8
2005,Nebraska,283.9629910353,Mathematics,8
2005,Nevada,269.905585503685,Mathematics,8
2005,New Hampshire,285.2533570362,Mathematics,8
2005,New Jersey,283.902604236295,Mathematics,8
2005,New Mexico,263.275162986677,Mathematics,8
2005,New York,279.716253699868,Mathematics,8
2005,North Carolina,281.825136586578,Mathematics,8
2005,North Dakota,286.960953441317,Mathematics,8
2005,Ohio,283.251774708647,Mathematics,8
2005,Oklahoma,271.359902408679,Mathematics,8
2005,Oregon,282.237325362273,Mathematics,8
2005,Pennsylvania,280.713835066326,Mathematics,8
2005,Rhode Island,272.345018074323,Mathematics,8
2005,South Carolina,281.23432113535,Mathematics,8
2005,South Dakota,287.303617983357,Mathematics,8
2005,Tennessee,270.524576784271,Mathematics,8
2005,Texas,281.102845047493,Mathematics,8
2005,Utah,279.156123426792,Mathematics,8
2005,Vermont,287.356487616841,Mathematics,8
2005,Virginia,284.371628221298,Mathematics,8
2005,Washington,285.052229728136,Mathematics,8
2005,West Virginia,269.099492803301,Mathematics,8
2005,Wisconsin,284.541556582959,Mathematics,8
2005,Wyoming,282.100609598155,Mathematics,8
2003,Alabama,261.939022225118,Mathematics,8
2003,Alaska,279.025069865231,Mathematics,8
2003,Arizona,271.177350478914,Mathematics,8
2003,Arkansas,265.771589343076,Mathematics,8
2003,California,267.049500585455,Mathematics,8
2003,Colorado,283.399858481467,Mathematics,8
2003,Connecticut,283.729811207579,Mathematics,8
2003,Delaware,277.158368932433,Mathematics,8
2003,District of Columbia,243.059638247651,Mathematics,8
2003,Florida,271.371490239171,Mathematics,8
2003,Georgia,269.677009232403,Mathematics,8
2003,Hawaii,265.728581015081,Mathematics,8
2003,Idaho,279.939266837246,Mathematics,8
2003,Illinois,277.160080956322,Mathematics,8
2003,Indiana,281.220939756711,Mathematics,8
2003,Iowa,283.953344744355,Mathematics,8
2003,Kansas,284.191088052303,Mathematics,8
2003,Kentucky,274.278472166639,Mathematics,8
2003,Louisiana,266.328359269062,Mathematics,8
2003,Maine,281.903773320764,Mathematics,8
2003,Maryland,277.71611251074,Mathematics,8
2003,Massachusetts,286.52069448017,Mathematics,8
2003,Michigan,276.441861597672,Mathematics,8
2003,Minnesota,290.680055978624,Mathematics,8
2003,Mississippi,260.911933580199,Mathematics,8
2003,Missouri,278.766250348876,Mathematics,8
2003,Montana,285.928022552419,Mathematics,8
2003,Nebraska,282.193755965696,Mathematics,8
2003,Nevada,268.04313771367,Mathematics,8
2003,New Hampshire,286.198468660005,Mathematics,8
2003,New Jersey,281.407119904536,Mathematics,8
2003,New Mexico,263.272906651625,Mathematics,8
2003,New York,279.749257044273,Mathematics,8
2003,North Carolina,281.240350571106,Mathematics,8
2003,North Dakota,287.14464048292,Mathematics,8
2003,Ohio,281.607295379003,Mathematics,8
2003,Oklahoma,271.905151347835,Mathematics,8
2003,Oregon,280.892470910844,Mathematics,8
2003,Pennsylvania,278.537758124922,Mathematics,8
2003,Rhode Island,271.998694378475,Mathematics,8
2003,South Carolina,277.300449617316,Mathematics,8
2003,South Dakota,284.881736383978,Mathematics,8
2003,Tennessee,268.175728562365,Mathematics,8
2003,Texas,277.052648954338,Mathematics,8
2003,Utah,280.64536966117,Mathematics,8
2003,Vermont,285.6455721843,Mathematics,8
2003,Virginia,281.676643366069,Mathematics,8
2003,Washington,281.151364414263,Mathematics,8
2003,West Virginia,270.770353447282,Mathematics,8
2003,Wisconsin,283.915865654494,Mathematics,8
2003,Wyoming,283.50334994463,Mathematics,8
2000,Alabama,262.15820551985,Mathematics,8
2000,Alaska,—,Mathematics,8
2000,Arizona,270.715405900397,Mathematics,8
2000,Arkansas,261.363712665471,Mathematics,8
2000,California,262.171026590943,Mathematics,8
2000,Colorado,—,Mathematics,8
2000,Connecticut,281.902485561834,Mathematics,8
2000,Delaware,—,Mathematics,8
2000,District of Columbia,234.428798057957,Mathematics,8
2000,Florida,—,Mathematics,8
2000,Georgia,266.332047317995,Mathematics,8
2000,Hawaii,262.772560543574,Mathematics,8
2000,Idaho,277.917913542907,Mathematics,8
2000,Illinois,276.909459049332,Mathematics,8
2000,Indiana,283.051229255175,Mathematics,8
2000,Iowa,—,Mathematics,8
2000,Kansas,283.679619149647,Mathematics,8
2000,Kentucky,271.561511404378,Mathematics,8
2000,Louisiana,258.98200182432,Mathematics,8
2000,Maine,283.641703580061,Mathematics,8
2000,Maryland,276.014360058913,Mathematics,8
2000,Massachusetts,283.123245551255,Mathematics,8
2000,Michigan,278.452666707407,Mathematics,8
2000,Minnesota,287.651942187297,Mathematics,8
2000,Mississippi,254.033900269054,Mathematics,8
2000,Missouri,273.575780410819,Mathematics,8
2000,Montana,286.584607021488,Mathematics,8
2000,Nebraska,280.618068695496,Mathematics,8
2000,Nevada,268.18159911998,Mathematics,8
2000,New Hampshire,—,Mathematics,8
2000,New Jersey,—,Mathematics,8
2000,New Mexico,259.844673042444,Mathematics,8
2000,New York,276.262858771617,Mathematics,8
2000,North Carolina,280.127947198885,Mathematics,8
2000,North Dakota,283.073844051673,Mathematics,8
2000,Ohio,282.672753528445,Mathematics,8
2000,Oklahoma,271.645793898218,Mathematics,8
2000,Oregon,280.640222797324,Mathematics,8
2000,Pennsylvania,—,Mathematics,8
2000,Rhode Island,273.425785095558,Mathematics,8
2000,South Carolina,266.353699525282,Mathematics,8
2000,South Dakota,—,Mathematics,8
2000,Tennessee,263.436599688201,Mathematics,8
2000,Texas,274.846015943346,Mathematics,8
2000,Utah,275.436709934551,Mathematics,8
2000,Vermont,283.408381447859,Mathematics,8
2000,Virginia,276.674991537432,Mathematics,8
2000,Washington,—,Mathematics,8
2000,West Virginia,270.780076291355,Mathematics,8
2000,Wisconsin,‡,Mathematics,8
2000,Wyoming,276.68998034322,Mathematics,8
1996,Alabama,256.594863207309,Mathematics,8
1996,Alaska,277.643071449619,Mathematics,8
1996,Arizona,267.874834337364,Mathematics,8
1996,Arkansas,261.652745252938,Mathematics,8
1996,California,262.772478440845,Mathematics,8
1996,Colorado,275.608214245213,Mathematics,8
1996,Connecticut,279.591244854912,Mathematics,8
1996,Delaware,266.733673323772,Mathematics,8
1996,District of Columbia,232.831509532896,Mathematics,8
1996,Florida,263.639393601298,Mathematics,8
1996,Georgia,262.466020943521,Mathematics,8
1996,Hawaii,262.130081659249,Mathematics,8
1996,Idaho,—,Mathematics,8
1996,Illinois,—,Mathematics,8
1996,Indiana,275.529036804764,Mathematics,8
1996,Iowa,283.986368602787,Mathematics,8
1996,Kansas,—,Mathematics,8
1996,Kentucky,266.591684017917,Mathematics,8
1996,Louisiana,252.380394698737,Mathematics,8
1996,Maine,284.059857433683,Mathematics,8
1996,Maryland,269.681431438747,Mathematics,8
1996,Massachusetts,277.565642048853,Mathematics,8
1996,Michigan,276.866078248355,Mathematics,8
1996,Minnesota,284.048944634206,Mathematics,8
1996,Mississippi,250.215489081725,Mathematics,8
1996,Missouri,273.284887242559,Mathematics,8
1996,Montana,283.003869962468,Mathematics,8
1996,Nebraska,282.769606861882,Mathematics,8
1996,Nevada,‡,Mathematics,8
1996,New Hampshire,‡,Mathematics,8
1996,New Jersey,‡,Mathematics,8
1996,New Mexico,261.970366722903,Mathematics,8
1996,New York,270.231486042978,Mathematics,8
1996,North Carolina,267.834560282947,Mathematics,8
1996,North Dakota,284.222267982804,Mathematics,8
1996,Ohio,—,Mathematics,8
1996,Oklahoma,—,Mathematics,8
1996,Oregon,276.341513193468,Mathematics,8
1996,Pennsylvania,—,Mathematics,8
1996,Rhode Island,268.877308125052,Mathematics,8
1996,South Carolina,260.77544755056,Mathematics,8
1996,South Dakota,—,Mathematics,8
1996,Tennessee,263.118935026706,Mathematics,8
1996,Texas,270.1995775601,Mathematics,8
1996,Utah,276.77310580851,Mathematics,8
1996,Vermont,279.253243011267,Mathematics,8
1996,Virginia,269.754404714393,Mathematics,8
1996,Washington,276.117119563268,Mathematics,8
1996,West Virginia,264.865205444032,Mathematics,8
1996,Wisconsin,282.848741719953,Mathematics,8
1996,Wyoming,274.778946978667,Mathematics,8
1992,Alabama,252.18752241295,Mathematics,8
1992,Alaska,—,Mathematics,8
1992,Arizona,265.366277794427,Mathematics,8
1992,Arkansas,256.312090419091,Mathematics,8
1992,California,260.89224682207,Mathematics,8
1992,Colorado,272.398432913929,Mathematics,8
1992,Connecticut,273.739344572132,Mathematics,8
1992,Delaware,262.868585398892,Mathematics,8
1992,District of Columbia,234.924621328025,Mathematics,8
1992,Florida,259.908848182301,Mathematics,8
1992,Georgia,259.359433593101,Mathematics,8
1992,Hawaii,257.410887409173,Mathematics,8
1992,Idaho,275.09029414145,Mathematics,8
1992,Illinois,—,Mathematics,8
1992,Indiana,270.098943937619,Mathematics,8
1992,Iowa,283.360009038918,Mathematics,8
1992,Kansas,—,Mathematics,8
1992,Kentucky,262.241281641376,Mathematics,8
1992,Louisiana,249.98392592402,Mathematics,8
1992,Maine,278.635384117375,Mathematics,8
1992,Maryland,264.82549311365,Mathematics,8
1992,Massachusetts,272.783201271176,Mathematics,8
1992,Michigan,267.353194329414,Mathematics,8
1992,Minnesota,282.392204641658,Mathematics,8
1992,Mississippi,246.458035433033,Mathematics,8
1992,Missouri,271.131544740125,Mathematics,8
1992,Montana,—,Mathematics,8
1992,Nebraska,277.654523381042,Mathematics,8
1992,Nevada,—,Mathematics,8
1992,New Hampshire,278.216325585348,Mathematics,8
1992,New Jersey,271.905561192357,Mathematics,8
1992,New Mexico,259.606717651222,Mathematics,8
1992,New York,266.422300096356,Mathematics,8
1992,North Carolina,258.405374807984,Mathematics,8
1992,North Dakota,283.213074712775,Mathematics,8
1992,Ohio,268.124197827471,Mathematics,8
1992,Oklahoma,268.131989632929,Mathematics,8
1992,Oregon,—,Mathematics,8
1992,Pennsylvania,271.378438779246,Mathematics,8
1992,Rhode Island,265.907109115823,Mathematics,8
1992,South Carolina,260.77254399911,Mathematics,8
1992,South Dakota,—,Mathematics,8
1992,Tennessee,258.828048116901,Mathematics,8
1992,Texas,264.592828381905,Mathematics,8
1992,Utah,274.343177142075,Mathematics,8
1992,Vermont,—,Mathematics,8
1992,Virginia,267.863726281842,Mathematics,8
1992,Washington,—,Mathematics,8
1992,West Virginia,259.086448391919,Mathematics,8
1992,Wisconsin,277.879134613647,Mathematics,8
1992,Wyoming,275.080076053804,Mathematics,8
1990,Alabama,252.863659941877,Mathematics,8
1990,Alaska,—,Mathematics,8
1990,Arizona,259.590067588212,Mathematics,8
1990,Arkansas,256.213990069438,Mathematics,8
1990,California,256.324820109223,Mathematics,8
1990,Colorado,267.366289884072,Mathematics,8
1990,Connecticut,269.86641896965,Mathematics,8
1990,Delaware,260.696858717319,Mathematics,8
1990,District of Columbia,231.366196651827,Mathematics,8
1990,Florida,255.318428709044,Mathematics,8
1990,Georgia,258.849663447908,Mathematics,8
1990,Hawaii,251.021316528152,Mathematics,8
1990,Idaho,271.44977262326,Mathematics,8
1990,Illinois,260.551434334685,Mathematics,8
1990,Indiana,267.265914915861,Mathematics,8
1990,Iowa,277.96856952118,Mathematics,8
1990,Kansas,—,Mathematics,8
1990,Kentucky,257.097205859974,Mathematics,8
1990,Louisiana,246.442552990899,Mathematics,8
1990,Maine,—,Mathematics,8
1990,Maryland,260.765590209676,Mathematics,8
1990,Massachusetts,—,Mathematics,8
1990,Michigan,264.398378104696,Mathematics,8
1990,Minnesota,275.391078977074,Mathematics,8
1990,Mississippi,—,Mathematics,8
1990,Missouri,—,Mathematics,8
1990,Montana,280.497342352668,Mathematics,8
1990,Nebraska,275.673962105345,Mathematics,8
1990,Nevada,—,Mathematics,8
1990,New Hampshire,273.147248796745,Mathematics,8
1990,New Jersey,269.664075949166,Mathematics,8
1990,New Mexico,256.422988469222,Mathematics,8
1990,New York,260.795812629884,Mathematics,8
1990,North Carolina,250.348487219657,Mathematics,8
1990,North Dakota,281.100428162171,Mathematics,8
1990,Ohio,263.974499317898,Mathematics,8
1990,Oklahoma,263.178474756633,Mathematics,8
1990,Oregon,271.36249421322,Mathematics,8
1990,Pennsylvania,266.363944697031,Mathematics,8
1990,Rhode Island,260.040897221955,Mathematics,8
1990,South Carolina,—,Mathematics,8
1990,South Dakota,—,Mathematics,8
1990,Tennessee,—,Mathematics,8
1990,Texas,258.189986920895,Mathematics,8
1990,Utah,—,Mathematics,8
1990,Vermont,—,Mathematics,8
1990,Virginia,264.273011342894,Mathematics,8
1990,Washington,—,Mathematics,8
1990,West Virginia,255.899060067677,Mathematics,8
1990,Wisconsin,274.487372277466,Mathematics,8
1990,Wyoming,272.147965478912,Mathematics,8
2017,Alabama,216.419813531011,Reading,4
2017,Alaska,207.037630115797,Reading,4
2017,Arizona,215.465951944676,Reading,4
2017,Arkansas,216.108025728181,Reading,4
2017,California,215.421814242133,Reading,4
2017,Colorado,224.691618694193,Reading,4
2017,Connecticut,228.35531240737,Reading,4
2017,Delaware,221.482217417377,Reading,4
2017,District of Columbia,213.382008766233,Reading,4
2017,Florida,228.272622052382,Reading,4
2017,Georgia,219.682925180546,Reading,4
2017,Hawaii,216.364536553619,Reading,4
2017,Idaho,222.791065689088,Reading,4
2017,Illinois,220.365898453327,Reading,4
2017,Indiana,226.417994745998,Reading,4
2017,Iowa,221.74726754679,Reading,4
2017,Kansas,223.268429173451,Reading,4
2017,Kentucky,224.080585290071,Reading,4
2017,Louisiana,211.600527874868,Reading,4
2017,Maine,221.388602644001,Reading,4
2017,Maryland,225.04933454894,Reading,4
2017,Massachusetts,235.699696767687,Reading,4
2017,Michigan,217.753242013193,Reading,4
2017,Minnesota,224.538513441395,Reading,4
2017,Mississippi,215.203305690064,Reading,4
2017,Missouri,222.681081128122,Reading,4
2017,Montana,222.326721838733,Reading,4
2017,Nebraska,224.096224936306,Reading,4
2017,Nevada,214.841696166346,Reading,4
2017,New Hampshire,228.900649270634,Reading,4
2017,New Jersey,232.943318467524,Reading,4
2017,New Mexico,207.704353543603,Reading,4
2017,New York,221.884015359739,Reading,4
2017,North Carolina,223.930906236334,Reading,4
2017,North Dakota,221.519265852407,Reading,4
2017,Ohio,225.261138107432,Reading,4
2017,Oklahoma,216.587775171729,Reading,4
2017,Oregon,217.531072963868,Reading,4
2017,Pennsylvania,224.924702323396,Reading,4
2017,Rhode Island,223.353442679692,Reading,4
2017,South Carolina,213.127835391026,Reading,4
2017,South Dakota,221.750122908674,Reading,4
2017,Tennessee,218.952797117684,Reading,4
2017,Texas,214.87849345961,Reading,4
2017,Utah,225.159172916822,Reading,4
2017,Vermont,226.445343411035,Reading,4
2017,Virginia,227.598382221255,Reading,4
2017,Washington,223.123408781764,Reading,4
2017,West Virginia,217.316396173818,Reading,4
2017,Wisconsin,219.612694271246,Reading,4
2017,Wyoming,226.83121099577,Reading,4
2015,Alabama,217.049089788052,Reading,4
2015,Alaska,212.792600219066,Reading,4
2015,Arizona,215.311336461445,Reading,4
2015,Arkansas,218.077496215637,Reading,4
2015,California,212.677948539849,Reading,4
2015,Colorado,224.023224923274,Reading,4
2015,Connecticut,228.947543364196,Reading,4
2015,Delaware,223.698696847081,Reading,4
2015,District of Columbia,212.305347670353,Reading,4
2015,Florida,227.188968975009,Reading,4
2015,Georgia,222.013497271819,Reading,4
2015,Hawaii,215.124313046421,Reading,4
2015,Idaho,221.690066165659,Reading,4
2015,Illinois,222.022267695473,Reading,4
2015,Indiana,227.278891330949,Reading,4
2015,Iowa,223.62939884096,Reading,4
2015,Kansas,221.089880424307,Reading,4
2015,Kentucky,228.055168332762,Reading,4
2015,Louisiana,216.199337216284,Reading,4
2015,Maine,223.728607946102,Reading,4
2015,Maryland,222.944189619399,Reading,4
2015,Massachusetts,235.27542341879,Reading,4
2015,Michigan,216.306630194926,Reading,4
2015,Minnesota,223.352919981062,Reading,4
2015,Mississippi,214.110686915211,Reading,4
2015,Missouri,222.72551679114,Reading,4
2015,Montana,224.757393529067,Reading,4
2015,Nebraska,226.634610885937,Reading,4
2015,Nevada,214.425584466776,Reading,4
2015,New Hampshire,231.949847648112,Reading,4
2015,New Jersey,229.487674441138,Reading,4
2015,New Mexico,207.240446376377,Reading,4
2015,New York,222.646303197703,Reading,4
2015,North Carolina,225.810590900179,Reading,4
2015,North Dakota,224.69198435116,Reading,4
2015,Ohio,224.930419714072,Reading,4
2015,Oklahoma,221.830510126344,Reading,4
2015,Oregon,220.222719958397,Reading,4
2015,Pennsylvania,226.670774068,Reading,4
2015,Rhode Island,225.485536668854,Reading,4
2015,South Carolina,217.969676534277,Reading,4
2015,South Dakota,220.469524583778,Reading,4
2015,Tennessee,218.613264393701,Reading,4
2015,Texas,217.942913018264,Reading,4
2015,Utah,226.143074882684,Reading,4
2015,Vermont,230.098616569303,Reading,4
2015,Virginia,228.971255010227,Reading,4
2015,Washington,225.892889059031,Reading,4
2015,West Virginia,216.253287883864,Reading,4
2015,Wisconsin,223.356355512935,Reading,4
2015,Wyoming,228.160802772906,Reading,4
2013,Alabama,218.57595339188,Reading,4
2013,Alaska,209.347288173954,Reading,4
2013,Arizona,213.134131480866,Reading,4
2013,Arkansas,218.523885266815,Reading,4
2013,California,212.545967893063,Reading,4
2013,Colorado,226.663219629357,Reading,4
2013,Connecticut,229.58159936534,Reading,4
2013,Delaware,225.77165116252,Reading,4
2013,District of Columbia,205.613936927868,Reading,4
2013,Florida,227.46317661052,Reading,4
2013,Georgia,221.836712514568,Reading,4
2013,Hawaii,214.843879930676,Reading,4
2013,Idaho,219.302985951792,Reading,4
2013,Illinois,218.540183872207,Reading,4
2013,Indiana,225.332340846939,Reading,4
2013,Iowa,223.815804634611,Reading,4
2013,Kansas,223.386368779104,Reading,4
2013,Kentucky,224.427540486587,Reading,4
2013,Louisiana,210.454963224321,Reading,4
2013,Maine,224.833289019918,Reading,4
2013,Maryland,232.055973147422,Reading,4
2013,Massachusetts,232.373155972773,Reading,4
2013,Michigan,217.36516772932,Reading,4
2013,Minnesota,227.030741772012,Reading,4
2013,Mississippi,208.518536453726,Reading,4
2013,Missouri,222.334185909416,Reading,4
2013,Montana,222.982749322942,Reading,4
2013,Nebraska,223.252785111637,Reading,4
2013,Nevada,213.755313618138,Reading,4
2013,New Hampshire,231.998366395397,Reading,4
2013,New Jersey,228.719744067642,Reading,4
2013,New Mexico,205.756405354204,Reading,4
2013,New York,223.81336257734,Reading,4
2013,North Carolina,222.227715159886,Reading,4
2013,North Dakota,224.083385001522,Reading,4
2013,Ohio,223.887746136742,Reading,4
2013,Oklahoma,216.988876495215,Reading,4
2013,Oregon,219.132674237737,Reading,4
2013,Pennsylvania,226.402323612221,Reading,4
2013,Rhode Island,222.802239753732,Reading,4
2013,South Carolina,213.64654387011,Reading,4
2013,South Dakota,217.930744868492,Reading,4
2013,Tennessee,219.735394665222,Reading,4
2013,Texas,216.909597076471,Reading,4
2013,Utah,222.767635531589,Reading,4
2013,Vermont,227.986519076527,Reading,4
2013,Virginia,228.555737669337,Reading,4
2013,Washington,225.048863335833,Reading,4
2013,West Virginia,214.663401291545,Reading,4
2013,Wisconsin,220.818103448031,Reading,4
2013,Wyoming,225.848974956602,Reading,4
2011,Alabama,220.273413326721,Reading,4
2011,Alaska,207.92369589694,Reading,4
2011,Arizona,212.395049942915,Reading,4
2011,Arkansas,216.51486397475,Reading,4
2011,California,211.35863599994,Reading,4
2011,Colorado,223.433843627772,Reading,4
2011,Connecticut,227.427304253836,Reading,4
2011,Delaware,225.130511094607,Reading,4
2011,District of Columbia,200.627987932281,Reading,4
2011,Florida,224.528585389604,Reading,4
2011,Georgia,220.810720110917,Reading,4
2011,Hawaii,213.61457117423,Reading,4
2011,Idaho,220.82977062234,Reading,4
2011,Illinois,219.357498259988,Reading,4
2011,Indiana,220.731342685885,Reading,4
2011,Iowa,220.707446954895,Reading,4
2011,Kansas,223.565091158237,Reading,4
2011,Kentucky,225.13506287333,Reading,4
2011,Louisiana,210.410726308503,Reading,4
2011,Maine,222.037332207637,Reading,4
2011,Maryland,230.782841211696,Reading,4
2011,Massachusetts,236.773866580369,Reading,4
2011,Michigan,218.860810368135,Reading,4
2011,Minnesota,222.308672369804,Reading,4
2011,Mississippi,209.188020129765,Reading,4
2011,Missouri,220.346171042259,Reading,4
2011,Montana,225.144216219664,Reading,4
2011,Nebraska,223.311726013091,Reading,4
2011,Nevada,212.575191683097,Reading,4
2011,New Hampshire,230.392676367953,Reading,4
2011,New Jersey,231.23762972371,Reading,4
2011,New Mexico,208.01411935219,Reading,4
2011,New York,222.493810944088,Reading,4
2011,North Carolina,221.356963571717,Reading,4
2011,North Dakota,225.57752634611,Reading,4
2011,Ohio,223.82821391211,Reading,4
2011,Oklahoma,215.477585729834,Reading,4
2011,Oregon,216.440154381689,Reading,4
2011,Pennsylvania,227.23646319431,Reading,4
2011,Rhode Island,222.481596913528,Reading,4
2011,South Carolina,214.899808914466,Reading,4
2011,South Dakota,219.814446299081,Reading,4
2011,Tennessee,214.640214936919,Reading,4
2011,Texas,218.320844616792,Reading,4
2011,Utah,220.416034483137,Reading,4
2011,Vermont,226.771642682085,Reading,4
2011,Virginia,226.37843469424,Reading,4
2011,Washington,220.528787972156,Reading,4
2011,West Virginia,214.386024190084,Reading,4
2011,Wisconsin,221.239906872372,Reading,4
2011,Wyoming,224.062278090794,Reading,4
2009,Alabama,216.273355869774,Reading,4
2009,Alaska,211.127368273139,Reading,4
2009,Arizona,209.989269506089,Reading,4
2009,Arkansas,216.151581392988,Reading,4
2009,California,209.762405377999,Reading,4
2009,Colorado,225.696640590332,Reading,4
2009,Connecticut,228.972116699409,Reading,4
2009,Delaware,225.513086784412,Reading,4
2009,District of Columbia,201.984637739722,Reading,4
2009,Florida,225.673407344794,Reading,4
2009,Georgia,217.848105733688,Reading,4
2009,Hawaii,210.61641868594,Reading,4
2009,Idaho,221.022924421352,Reading,4
2009,Illinois,219.16577996227,Reading,4
2009,Indiana,222.659480848241,Reading,4
2009,Iowa,221.422298113147,Reading,4
2009,Kansas,223.924213283757,Reading,4
2009,Kentucky,225.606242400736,Reading,4
2009,Louisiana,207.486137163094,Reading,4
2009,Maine,223.790428000088,Reading,4
2009,Maryland,226.047783920533,Reading,4
2009,Massachusetts,233.749463106304,Reading,4
2009,Michigan,218.235550344419,Reading,4
2009,Minnesota,223.336661773101,Reading,4
2009,Mississippi,210.506517536678,Reading,4
2009,Missouri,223.842357778696,Reading,4
2009,Montana,224.651750127955,Reading,4
2009,Nebraska,222.523307331545,Reading,4
2009,Nevada,211.140588986901,Reading,4
2009,New Hampshire,229.144520432665,Reading,4
2009,New Jersey,229.394486392659,Reading,4
2009,New Mexico,207.645730781769,Reading,4
2009,New York,224.368748848311,Reading,4
2009,North Carolina,219.296045907462,Reading,4
2009,North Dakota,225.967471901352,Reading,4
2009,Ohio,224.532178118541,Reading,4
2009,Oklahoma,217.190627559253,Reading,4
2009,Oregon,218.142340516871,Reading,4
2009,Pennsylvania,223.679439884658,Reading,4
2009,Rhode Island,222.704885161548,Reading,4
2009,South Carolina,215.942298236521,Reading,4
2009,South Dakota,222.166592778336,Reading,4
2009,Tennessee,216.737811108148,Reading,4
2009,Texas,218.858272374458,Reading,4
2009,Utah,219.204130166973,Reading,4
2009,Vermont,228.735783571246,Reading,4
2009,Virginia,226.527567976704,Reading,4
2009,Washington,221.330110400417,Reading,4
2009,West Virginia,214.520200208315,Reading,4
2009,Wisconsin,220.135540597472,Reading,4
2009,Wyoming,222.652196329999,Reading,4
2007,Alabama,216.38895388449,Reading,4
2007,Alaska,214.476954408027,Reading,4
2007,Arizona,209.520624281702,Reading,4
2007,Arkansas,217.027817745061,Reading,4
2007,California,208.52218596155,Reading,4
2007,Colorado,223.732652896462,Reading,4
2007,Connecticut,227.203649213779,Reading,4
2007,Delaware,225.070542301849,Reading,4
2007,District of Columbia,197.085950395474,Reading,4
2007,Florida,223.534926816656,Reading,4
2007,Georgia,218.888171260588,Reading,4
2007,Hawaii,213.496554967804,Reading,4
2007,Idaho,223.404065315834,Reading,4
2007,Illinois,219.386811378061,Reading,4
2007,Indiana,221.673092302826,Reading,4
2007,Iowa,224.894795386947,Reading,4
2007,Kansas,224.658362200921,Reading,4
2007,Kentucky,222.432314246177,Reading,4
2007,Louisiana,207.406805529699,Reading,4
2007,Maine,225.544045784741,Reading,4
2007,Maryland,224.781265126508,Reading,4
2007,Massachusetts,235.753462061818,Reading,4
2007,Michigan,220.11845283265,Reading,4
2007,Minnesota,224.917004310155,Reading,4
2007,Mississippi,207.809518812675,Reading,4
2007,Missouri,220.776827870135,Reading,4
2007,Montana,226.666532587484,Reading,4
2007,Nebraska,222.902554305927,Reading,4
2007,Nevada,210.819009123413,Reading,4
2007,New Hampshire,229.017173352409,Reading,4
2007,New Jersey,230.64697200838,Reading,4
2007,New Mexico,211.631884615174,Reading,4
2007,New York,223.752027289559,Reading,4
2007,North Carolina,217.934042613497,Reading,4
2007,North Dakota,226.325481086957,Reading,4
2007,Ohio,225.666987806902,Reading,4
2007,Oklahoma,216.955654036521,Reading,4
2007,Oregon,215.01732344377,Reading,4
2007,Pennsylvania,226.353658210298,Reading,4
2007,Rhode Island,218.761444851879,Reading,4
2007,South Carolina,213.836527211386,Reading,4
2007,South Dakota,223.398526687997,Reading,4
2007,Tennessee,215.749268590355,Reading,4
2007,Texas,219.604313050316,Reading,4
2007,Utah,221.261428128739,Reading,4
2007,Vermont,228.248538219188,Reading,4
2007,Virginia,227.136724852212,Reading,4
2007,Washington,223.999336825378,Reading,4
2007,West Virginia,215.130555459311,Reading,4
2007,Wisconsin,223.318009810876,Reading,4
2007,Wyoming,225.289483281059,Reading,4
2005,Alabama,207.75203301297,Reading,4
2005,Alaska,211.06131857045,Reading,4
2005,Arizona,207.14273663584,Reading,4
2005,Arkansas,217.071528896937,Reading,4
2005,California,206.512026480797,Reading,4
2005,Colorado,223.656130003748,Reading,4
2005,Connecticut,225.753019686927,Reading,4
2005,Delaware,225.83845909292,Reading,4
2005,District of Columbia,190.78735568684,Reading,4
2005,Florida,219.465222176412,Reading,4
2005,Georgia,214.430920543413,Reading,4
2005,Hawaii,209.578767644628,Reading,4
2005,Idaho,221.85951138201,Reading,4
2005,Illinois,216.489719991402,Reading,4
2005,Indiana,218.072533254427,Reading,4
2005,Iowa,220.809400187707,Reading,4
2005,Kansas,220.468749319458,Reading,4
2005,Kentucky,219.926817858434,Reading,4
2005,Louisiana,209.165658287644,Reading,4
2005,Maine,224.577772170376,Reading,4
2005,Maryland,220.02958576565,Reading,4
2005,Massachusetts,231.279439344407,Reading,4
2005,Michigan,218.260689053895,Reading,4
2005,Minnesota,225.226578117864,Reading,4
2005,Mississippi,204.393607049303,Reading,4
2005,Missouri,221.16862279503,Reading,4
2005,Montana,224.552179792932,Reading,4
2005,Nebraska,221.377462774998,Reading,4
2005,Nevada,207.186974378559,Reading,4
2005,New Hampshire,227.438324133747,Reading,4
2005,New Jersey,223.298393451738,Reading,4
2005,New Mexico,206.791620706099,Reading,4
2005,New York,222.695200017251,Reading,4
2005,North Carolina,217.134448665244,Reading,4
2005,North Dakota,224.810846710111,Reading,4
2005,Ohio,222.533253783097,Reading,4
2005,Oklahoma,213.861450098821,Reading,4
2005,Oregon,216.899980219675,Reading,4
2005,Pennsylvania,222.771980355527,Reading,4
2005,Rhode Island,216.439867333869,Reading,4
2005,South Carolina,213.203507177181,Reading,4
2005,South Dakota,222.398692098453,Reading,4
2005,Tennessee,214.221269348578,Reading,4
2005,Texas,218.733823976846,Reading,4
2005,Utah,221.310927118758,Reading,4
2005,Vermont,226.886251005992,Reading,4
2005,Virginia,225.81371068134,Reading,4
2005,Washington,223.486397868759,Reading,4
2005,West Virginia,214.767066412741,Reading,4
2005,Wisconsin,221.164226543439,Reading,4
2005,Wyoming,223.262145963811,Reading,4
2003,Alabama,207.083847576707,Reading,4
2003,Alaska,211.547153569153,Reading,4
2003,Arizona,208.87280135482,Reading,4
2003,Arkansas,213.615304459937,Reading,4
2003,California,205.632437100793,Reading,4
2003,Colorado,223.660981961028,Reading,4
2003,Connecticut,228.340614955382,Reading,4
2003,Delaware,223.928811406218,Reading,4
2003,District of Columbia,188.374478503638,Reading,4
2003,Florida,218.014488158342,Reading,4
2003,Georgia,213.597219332523,Reading,4
2003,Hawaii,208.259567530742,Reading,4
2003,Idaho,218.25988551638,Reading,4
2003,Illinois,216.3042879829,Reading,4
2003,Indiana,220.406491126679,Reading,4
2003,Iowa,223.271129818993,Reading,4
2003,Kansas,220.143229712604,Reading,4
2003,Kentucky,219.044417325545,Reading,4
2003,Louisiana,204.729487524848,Reading,4
2003,Maine,223.859493805469,Reading,4
2003,Maryland,218.673759792615,Reading,4
2003,Massachusetts,227.604259402914,Reading,4
2003,Michigan,218.789056709096,Reading,4
2003,Minnesota,222.608962298108,Reading,4
2003,Mississippi,205.46440681013,Reading,4
2003,Missouri,222.260230125215,Reading,4
2003,Montana,222.746541627727,Reading,4
2003,Nebraska,220.611802066606,Reading,4
2003,Nevada,206.959682725248,Reading,4
2003,New Hampshire,227.789508496749,Reading,4
2003,New Jersey,225.07332803577,Reading,4
2003,New Mexico,203.185312558191,Reading,4
2003,New York,222.188207106776,Reading,4
2003,North Carolina,221.220579655011,Reading,4
2003,North Dakota,221.642245735878,Reading,4
2003,Ohio,221.86579907669,Reading,4
2003,Oklahoma,213.57935707208,Reading,4
2003,Oregon,217.614535250227,Reading,4
2003,Pennsylvania,218.698427536109,Reading,4
2003,Rhode Island,216.494015184678,Reading,4
2003,South Carolina,214.807724490456,Reading,4
2003,South Dakota,222.273178577212,Reading,4
2003,Tennessee,211.94754112042,Reading,4
2003,Texas,214.808005616741,Reading,4
2003,Utah,219.270338418871,Reading,4
2003,Vermont,226.121746629112,Reading,4
2003,Virginia,223.340359189755,Reading,4
2003,Washington,221.096695134157,Reading,4
2003,West Virginia,219.179524491303,Reading,4
2003,Wisconsin,220.833427555838,Reading,4
2003,Wyoming,222.075166369555,Reading,4
2002,Alabama,206.88002954674,Reading,4
2002,Alaska,—,Reading,4
2002,Arizona,205.347275383339,Reading,4
2002,Arkansas,212.88179718175,Reading,4
2002,California,205.916587739819,Reading,4
2002,Colorado,—,Reading,4
2002,Connecticut,229.381142779797,Reading,4
2002,Delaware,224.303558406048,Reading,4
2002,District of Columbia,190.518073061148,Reading,4
2002,Florida,214.404597570145,Reading,4
2002,Georgia,214.818437517969,Reading,4
2002,Hawaii,207.585442658374,Reading,4
2002,Idaho,220.217616989796,Reading,4
2002,Illinois,‡,Reading,4
2002,Indiana,221.88034682187,Reading,4
2002,Iowa,223.330640850894,Reading,4
2002,Kansas,221.978331377335,Reading,4
2002,Kentucky,219.042067526091,Reading,4
2002,Louisiana,206.640449811813,Reading,4
2002,Maine,224.508278164578,Reading,4
2002,Maryland,217.211175377249,Reading,4
2002,Massachusetts,233.748410317316,Reading,4
2002,Michigan,218.613319556875,Reading,4
2002,Minnesota,225.258514366717,Reading,4
2002,Mississippi,202.793328058965,Reading,4
2002,Missouri,220.171767157677,Reading,4
2002,Montana,224.162866032429,Reading,4
2002,Nebraska,221.565239248168,Reading,4
2002,Nevada,209.129161847526,Reading,4
2002,New Hampshire,—,Reading,4
2002,New Jersey,—,Reading,4
2002,New Mexico,207.501170183952,Reading,4
2002,New York,222.445054715407,Reading,4
2002,North Carolina,221.634039776418,Reading,4
2002,North Dakota,223.591558042582,Reading,4
2002,Ohio,222.435965378937,Reading,4
2002,Oklahoma,213.328415588676,Reading,4
2002,Oregon,219.936918287852,Reading,4
2002,Pennsylvania,220.636393326956,Reading,4
2002,Rhode Island,219.623505300296,Reading,4
2002,South Carolina,213.858854536652,Reading,4
2002,South Dakota,—,Reading,4
2002,Tennessee,213.693917617222,Reading,4
2002,Texas,216.932241699579,Reading,4
2002,Utah,221.514180550383,Reading,4
2002,Vermont,226.961227404525,Reading,4
2002,Virginia,225.009435800111,Reading,4
2002,Washington,223.655932696814,Reading,4
2002,West Virginia,218.777794121694,Reading,4
2002,Wisconsin,‡,Reading,4
2002,Wyoming,221.129753649229,Reading,4
1998,Alabama,210.920767475306,Reading,4
1998,Alaska,—,Reading,4
1998,Arizona,206.529788427148,Reading,4
1998,Arkansas,208.837715847409,Reading,4
1998,California,201.912590666571,Reading,4
1998,Colorado,221.653243253878,Reading,4
1998,Connecticut,231.598304622903,Reading,4
1998,Delaware,212.00256328748,Reading,4
1998,District of Columbia,181.626990470712,Reading,4
1998,Florida,207.297609369791,Reading,4
1998,Georgia,209.818703890167,Reading,4
1998,Hawaii,199.701681594456,Reading,4
1998,Idaho,—,Reading,4
1998,Illinois,‡,Reading,4
1998,Indiana,—,Reading,4
1998,Iowa,223.045210304491,Reading,4
1998,Kansas,222.184880032678,Reading,4
1998,Kentucky,217.53088006176,Reading,4
1998,Louisiana,204.226630274646,Reading,4
1998,Maine,225.404455198134,Reading,4
1998,Maryland,214.929886926389,Reading,4
1998,Massachusetts,225.309860500514,Reading,4
1998,Michigan,216.501397998098,Reading,4
1998,Minnesota,221.83011421783,Reading,4
1998,Mississippi,204.301815338639,Reading,4
1998,Missouri,216.182558683403,Reading,4
1998,Montana,226.149056807806,Reading,4
1998,Nebraska,—,Reading,4
1998,Nevada,207.597930057282,Reading,4
1998,New Hampshire,225.715641347558,Reading,4
1998,New Jersey,—,Reading,4
1998,New Mexico,205.948605264999,Reading,4
1998,New York,215.779215694181,Reading,4
1998,North Carolina,216.837462844312,Reading,4
1998,North Dakota,—,Reading,4
1998,Ohio,—,Reading,4
1998,Oklahoma,219.511821509926,Reading,4
1998,Oregon,214.442086585458,Reading,4
1998,Pennsylvania,—,Reading,4
1998,Rhode Island,218.027517870128,Reading,4
1998,South Carolina,210.449038859528,Reading,4
1998,South Dakota,—,Reading,4
1998,Tennessee,212.403782717075,Reading,4
1998,Texas,216.862012407326,Reading,4
1998,Utah,215.409191327204,Reading,4
1998,Vermont,—,Reading,4
1998,Virginia,218.352728377109,Reading,4
1998,Washington,216.846967074992,Reading,4
1998,West Virginia,216.443251227676,Reading,4
1998,Wisconsin,224.347231778634,Reading,4
1998,Wyoming,219.010779618272,Reading,4
1994,Alabama,207.963517196451,Reading,4
1994,Alaska,—,Reading,4
1994,Arizona,206.212715526558,Reading,4
1994,Arkansas,208.634458392674,Reading,4
1994,California,196.764414122393,Reading,4
1994,Colorado,213.480890325464,Reading,4
1994,Connecticut,222.417598625519,Reading,4
1994,Delaware,206.389051714292,Reading,4
1994,District of Columbia,178.557611651728,Reading,4
1994,Florida,204.882606345676,Reading,4
1994,Georgia,206.84417466208,Reading,4
1994,Hawaii,200.88027220468,Reading,4
1994,Idaho,‡,Reading,4
1994,Illinois,—,Reading,4
1994,Indiana,219.763257536075,Reading,4
1994,Iowa,222.852938978155,Reading,4
1994,Kansas,—,Reading,4
1994,Kentucky,211.562307283476,Reading,4
1994,Louisiana,196.76226783783,Reading,4
1994,Maine,228.380026776111,Reading,4
1994,Maryland,209.645496686524,Reading,4
1994,Massachusetts,223.16007568135,Reading,4
1994,Michigan,‡,Reading,4
1994,Minnesota,218.301709171959,Reading,4
1994,Mississippi,201.529327838956,Reading,4
1994,Missouri,216.898079209576,Reading,4
1994,Montana,222.301419050803,Reading,4
1994,Nebraska,220.034963055612,Reading,4
1994,Nevada,—,Reading,4
1994,New Hampshire,223.466139521211,Reading,4
1994,New Jersey,219.390468316229,Reading,4
1994,New Mexico,204.535910683103,Reading,4
1994,New York,211.74092082461,Reading,4
1994,North Carolina,214.358085541861,Reading,4
1994,North Dakota,225.23908328463,Reading,4
1994,Ohio,—,Reading,4
1994,Oklahoma,—,Reading,4
1994,Oregon,—,Reading,4
1994,Pennsylvania,215.268341493165,Reading,4
1994,Rhode Island,219.940097703478,Reading,4
1994,South Carolina,203.416190261787,Reading,4
1994,South Dakota,—,Reading,4
1994,Tennessee,212.531394061172,Reading,4
1994,Texas,212.394311044766,Reading,4
1994,Utah,217.330392762367,Reading,4
1994,Vermont,—,Reading,4
1994,Virginia,213.457285928432,Reading,4
1994,Washington,212.695385844034,Reading,4
1994,West Virginia,213.146934703516,Reading,4
1994,Wisconsin,224.174545295572,Reading,4
1994,Wyoming,221.185555866572,Reading,4
1992,Alabama,207.358492229747,Reading,4
1992,Alaska,—,Reading,4
1992,Arizona,209.40206480544,Reading,4
1992,Arkansas,210.899768304081,Reading,4
1992,California,202.247526392698,Reading,4
1992,Colorado,216.525360492548,Reading,4
1992,Connecticut,221.612642451919,Reading,4
1992,Delaware,212.92345013738,Reading,4
1992,District of Columbia,188.139887302877,Reading,4
1992,Florida,208.308035013525,Reading,4
1992,Georgia,212.34088993417,Reading,4
1992,Hawaii,203.426628130352,Reading,4
1992,Idaho,219.317028208157,Reading,4
1992,Illinois,—,Reading,4
1992,Indiana,221.146484876227,Reading,4
1992,Iowa,225.490171445697,Reading,4
1992,Kansas,—,Reading,4
1992,Kentucky,212.511666778967,Reading,4
1992,Louisiana,203.689265435934,Reading,4
1992,Maine,226.810122899015,Reading,4
1992,Maryland,211.04152293468,Reading,4
1992,Massachusetts,226.00108924526,Reading,4
1992,Michigan,216.033733125329,Reading,4
1992,Minnesota,220.900719162895,Reading,4
1992,Mississippi,199.109062398651,Reading,4
1992,Missouri,220.049405350833,Reading,4
1992,Montana,—,Reading,4
1992,Nebraska,221.176841973787,Reading,4
1992,Nevada,—,Reading,4
1992,New Hampshire,227.71482466698,Reading,4
1992,New Jersey,222.963653783424,Reading,4
1992,New Mexico,210.738443984213,Reading,4
1992,New York,214.625123268518,Reading,4
1992,North Carolina,211.545927244246,Reading,4
1992,North Dakota,225.515950674023,Reading,4
1992,Ohio,217.370297292174,Reading,4
1992,Oklahoma,220.2767769383,Reading,4
1992,Oregon,—,Reading,4
1992,Pennsylvania,220.692652863341,Reading,4
1992,Rhode Island,216.614520670935,Reading,4
1992,South Carolina,209.716178357788,Reading,4
1992,South Dakota,—,Reading,4
1992,Tennessee,212.137178512881,Reading,4
1992,Texas,212.504922222608,Reading,4
1992,Utah,220.390231130988,Reading,4
1992,Vermont,—,Reading,4
1992,Virginia,220.753494580772,Reading,4
1992,Washington,—,Reading,4
1992,West Virginia,215.535595080532,Reading,4
1992,Wisconsin,223.608070704623,Reading,4
1992,Wyoming,222.983186582396,Reading,4
2017,Alabama,257.686520320925,Reading,8
2017,Alaska,257.667496756549,Reading,8
2017,Arizona,262.957456729335,Reading,8
2017,Arkansas,259.95579848311,Reading,8
2017,California,262.520630021396,Reading,8
2017,Colorado,270.338688509674,Reading,8
2017,Connecticut,272.537711456234,Reading,8
2017,Delaware,263.089089818878,Reading,8
2017,District of Columbia,246.78775540229,Reading,8
2017,DoDEA,280.499129965249,Reading,8
2017,Florida,266.553368977303,Reading,8
2017,Georgia,266.33044082589,Reading,8
2017,Hawaii,260.982318855375,Reading,8
2017,Idaho,269.673095440861,Reading,8
2017,Illinois,266.928549776657,Reading,8
2017,Indiana,272.023875675737,Reading,8
2017,Iowa,267.675678851787,Reading,8
2017,Kansas,267.490027797007,Reading,8
2017,Kentucky,265.133438043566,Reading,8
2017,Louisiana,256.751471206395,Reading,8
2017,Maine,268.93063240911,Reading,8
2017,Maryland,267.250532713498,Reading,8
2017,Massachusetts,277.782588599843,Reading,8
2017,Michigan,265.468927541301,Reading,8
2017,Minnesota,268.616822331955,Reading,8
2017,Mississippi,256.344701137275,Reading,8
2017,Missouri,266.035006915021,Reading,8
2017,Montana,267.208219320757,Reading,8
2017,Nebraska,268.528555260402,Reading,8
2017,Nevada,259.806407268129,Reading,8
2017,New Hampshire,274.786039733195,Reading,8
2017,New Jersey,275.04455230693,Reading,8
2017,New Mexico,255.578543060787,Reading,8
2017,New York,264.15758419309,Reading,8
2017,North Carolina,262.720476897929,Reading,8
2017,North Dakota,265.081921805495,Reading,8
2017,Ohio,268.450641614295,Reading,8
2017,Oklahoma,261.236933515587,Reading,8
2017,Oregon,266.216684155209,Reading,8
2017,Pennsylvania,269.55382331575,Reading,8
2017,Rhode Island,265.767859953914,Reading,8
2017,South Carolina,259.753002398086,Reading,8
2017,South Dakota,267.355726574154,Reading,8
2017,Tennessee,262.046852903713,Reading,8
2017,Texas,260.342576542804,Reading,8
2017,Utah,268.7524196631,Reading,8
2017,Vermont,273.402640307413,Reading,8
2017,Virginia,267.744778499104,Reading,8
2017,Washington,271.617022995208,Reading,8
2017,West Virginia,258.700303604492,Reading,8
2017,Wisconsin,269.371456395493,Reading,8
2017,Wyoming,269.020028155068,Reading,8
2015,Alabama,258.753761500039,Reading,8
2015,Alaska,260.317018773005,Reading,8
2015,Arizona,262.769391809157,Reading,8
2015,Arkansas,258.768267976658,Reading,8
2015,California,258.986842564294,Reading,8
2015,Colorado,268.073225333677,Reading,8
2015,Connecticut,273.048030410963,Reading,8
2015,Delaware,262.613290731544,Reading,8
2015,District of Columbia,247.653444946724,Reading,8
2015,DoDEA,277.191363427262,Reading,8
2015,Florida,263.383001406664,Reading,8
2015,Georgia,262.268605314622,Reading,8
2015,Hawaii,257.35043981355,Reading,8
2015,Idaho,268.553479550783,Reading,8
2015,Illinois,266.806728332711,Reading,8
2015,Indiana,268.253467680035,Reading,8
2015,Iowa,268.200596266662,Reading,8
2015,Kansas,266.76553060986,Reading,8
2015,Kentucky,267.772900145423,Reading,8
2015,Louisiana,255.469417777569,Reading,8
2015,Maine,268.391236298695,Reading,8
2015,Maryland,267.905529723763,Reading,8
2015,Massachusetts,274.497568115749,Reading,8
2015,Michigan,264.496755061626,Reading,8
2015,Minnesota,270.236817756262,Reading,8
2015,Mississippi,251.976165209278,Reading,8
2015,Missouri,266.876351831946,Reading,8
2015,Montana,269.956777592733,Reading,8
2015,Nebraska,269.426210864772,Reading,8
2015,Nevada,259.417376365165,Reading,8
2015,New Hampshire,274.8067462817,Reading,8
2015,New Jersey,270.85371153053,Reading,8
2015,New Mexico,253.227767643793,Reading,8
2015,New York,263.247658592835,Reading,8
2015,North Carolina,260.594556550199,Reading,8
2015,North Dakota,266.95532299054,Reading,8
2015,Ohio,265.879220258589,Reading,8
2015,Oklahoma,262.673145850428,Reading,8
2015,Oregon,267.670519675172,Reading,8
2015,Pennsylvania,268.746120751013,Reading,8
2015,Rhode Island,265.050857832059,Reading,8
2015,South Carolina,260.331422813083,Reading,8
2015,South Dakota,267.079864989695,Reading,8
2015,Tennessee,264.771228998921,Reading,8
2015,Texas,260.655135980903,Reading,8
2015,Utah,269.430664700586,Reading,8
2015,Vermont,273.961831447048,Reading,8
2015,Virginia,266.836053468874,Reading,8
2015,Washington,267.250880666457,Reading,8
2015,West Virginia,260.185272642999,Reading,8
2015,Wisconsin,269.533726363214,Reading,8
2015,Wyoming,268.803363090763,Reading,8
2013,Alabama,257.427838227608,Reading,8
2013,Alaska,261.256092625584,Reading,8
2013,Arizona,260.448287236627,Reading,8
2013,Arkansas,261.964490796451,Reading,8
2013,California,261.502455658701,Reading,8
2013,Colorado,271.009086942572,Reading,8
2013,Connecticut,274.459542474537,Reading,8
2013,Delaware,265.984981498562,Reading,8
2013,District of Columbia,247.739153738325,Reading,8
2013,DoDEA,276.994367424941,Reading,8
2013,Florida,265.828297127322,Reading,8
2013,Georgia,264.615713463699,Reading,8
2013,Hawaii,259.960569546835,Reading,8
2013,Idaho,270.224168550562,Reading,8
2013,Illinois,266.898720958132,Reading,8
2013,Indiana,267.272974657765,Reading,8
2013,Iowa,269.003449619325,Reading,8
2013,Kansas,266.887523609855,Reading,8
2013,Kentucky,269.616471686598,Reading,8
2013,Louisiana,257.351242737394,Reading,8
2013,Maine,269.193764016326,Reading,8
2013,Maryland,273.801903090503,Reading,8
2013,Massachusetts,277.009559086016,Reading,8
2013,Michigan,265.942963067388,Reading,8
2013,Minnesota,271.019654579448,Reading,8
2013,Mississippi,253.147818177655,Reading,8
2013,Missouri,267.215011778953,Reading,8
2013,Montana,271.765782480696,Reading,8
2013,Nebraska,269.221914635868,Reading,8
2013,Nevada,261.695982235772,Reading,8
2013,New Hampshire,274.307731748779,Reading,8
2013,New Jersey,276.37798779341,Reading,8
2013,New Mexico,255.870077046042,Reading,8
2013,New York,266.346063235407,Reading,8
2013,North Carolina,264.540999710832,Reading,8
2013,North Dakota,267.779199654396,Reading,8
2013,Ohio,269.086973442103,Reading,8
2013,Oklahoma,261.931495221637,Reading,8
2013,Oregon,268.282662715666,Reading,8
2013,Pennsylvania,272.085365342425,Reading,8
2013,Rhode Island,266.677052388789,Reading,8
2013,South Carolina,261.449050699613,Reading,8
2013,South Dakota,268.100772835989,Reading,8
2013,Tennessee,265.359504625647,Reading,8
2013,Texas,263.684137731278,Reading,8
2013,Utah,270.041925765873,Reading,8
2013,Vermont,274.368547733738,Reading,8
2013,Virginia,267.589864309109,Reading,8
2013,Washington,272.036124410819,Reading,8
2013,West Virginia,257.383509312362,Reading,8
2013,Wisconsin,267.542994187833,Reading,8
2013,Wyoming,270.966172221906,Reading,8
2011,Alabama,258.421090379483,Reading,8
2011,Alaska,261.2852520164,Reading,8
2011,Arizona,260.148005213826,Reading,8
2011,Arkansas,259.140937770185,Reading,8
2011,California,254.935218336086,Reading,8
2011,Colorado,270.636204320649,Reading,8
2011,Connecticut,274.681399470751,Reading,8
2011,Delaware,265.83947553632,Reading,8
2011,District of Columbia,242.056368171996,Reading,8
2011,DoDEA,272.349959976913,Reading,8
2011,Florida,262.121374840411,Reading,8
2011,Georgia,262.358643383963,Reading,8
2011,Hawaii,257.188010446519,Reading,8
2011,Idaho,268.014671593394,Reading,8
2011,Illinois,265.643729382276,Reading,8
2011,Indiana,264.729844537772,Reading,8
2011,Iowa,264.554527461826,Reading,8
2011,Kansas,267.336395789343,Reading,8
2011,Kentucky,268.833963566714,Reading,8
2011,Louisiana,254.688347843905,Reading,8
2011,Maine,269.872413013173,Reading,8
2011,Maryland,271.222896649808,Reading,8
2011,Massachusetts,275.36851762846,Reading,8
2011,Michigan,265.194041240472,Reading,8
2011,Minnesota,270.148960241064,Reading,8
2011,Mississippi,253.833440432713,Reading,8
2011,Missouri,266.762051349691,Reading,8
2011,Montana,272.874140765607,Reading,8
2011,Nebraska,267.703865188972,Reading,8
2011,Nevada,258.19326424884,Reading,8
2011,New Hampshire,272.078626455018,Reading,8
2011,New Jersey,275.183164316271,Reading,8
2011,New Mexico,255.86163460115,Reading,8
2011,New York,265.69702830715,Reading,8
2011,North Carolina,262.928956255321,Reading,8
2011,North Dakota,268.694217893061,Reading,8
2011,Ohio,268.283949224188,Reading,8
2011,Oklahoma,260.121264611744,Reading,8
2011,Oregon,264.225611626444,Reading,8
2011,Pennsylvania,267.750596675669,Reading,8
2011,Rhode Island,265.119556331117,Reading,8
2011,South Carolina,260.307019898795,Reading,8
2011,South Dakota,268.941537575366,Reading,8
2011,Tennessee,259.208370713199,Reading,8
2011,Texas,261.428390874698,Reading,8
2011,Utah,267.087406099162,Reading,8
2011,Vermont,273.840765049115,Reading,8
2011,Virginia,267.272891187823,Reading,8
2011,Washington,267.577473732317,Reading,8
2011,West Virginia,256.106861556751,Reading,8
2011,Wisconsin,267.16702974162,Reading,8
2011,Wyoming,269.568729685871,Reading,8
2009,Alabama,254.89524659554,Reading,8
2009,Alaska,259.449426538116,Reading,8
2009,Arizona,257.595275452299,Reading,8
2009,Arkansas,258.048580163614,Reading,8
2009,California,252.631380782334,Reading,8
2009,Colorado,265.51311994428,Reading,8
2009,Connecticut,271.810133169712,Reading,8
2009,Delaware,264.998966063101,Reading,8
2009,District of Columbia,242.490424305314,Reading,8
2009,DoDEA,272.459316348739,Reading,8
2009,Florida,264.362040854787,Reading,8
2009,Georgia,260.244524519648,Reading,8
2009,Hawaii,254.738979931593,Reading,8
2009,Idaho,264.837184984886,Reading,8
2009,Illinois,264.514002261585,Reading,8
2009,Indiana,265.69124060951,Reading,8
2009,Iowa,264.888126041644,Reading,8
2009,Kansas,266.799519310717,Reading,8
2009,Kentucky,266.854019810768,Reading,8
2009,Louisiana,253.329004007468,Reading,8
2009,Maine,267.706499608477,Reading,8
2009,Maryland,267.298056489004,Reading,8
2009,Massachusetts,273.589289718711,Reading,8
2009,Michigan,261.898150017122,Reading,8
2009,Minnesota,269.739820132507,Reading,8
2009,Mississippi,251.305654614612,Reading,8
2009,Missouri,266.876460156868,Reading,8
2009,Montana,270.393925995333,Reading,8
2009,Nebraska,267.067856574245,Reading,8
2009,Nevada,253.84095441963,Reading,8
2009,New Hampshire,270.748158823326,Reading,8
2009,New Jersey,272.80263385761,Reading,8
2009,New Mexico,254.129173669956,Reading,8
2009,New York,264.288057457975,Reading,8
2009,North Carolina,259.528486560755,Reading,8
2009,North Dakota,269.239984852546,Reading,8
2009,Ohio,268.67823553327,Reading,8
2009,Oklahoma,259.495771007061,Reading,8
2009,Oregon,265.08924671644,Reading,8
2009,Pennsylvania,270.700536709088,Reading,8
2009,Rhode Island,259.885589729898,Reading,8
2009,South Carolina,257.274184592561,Reading,8
2009,South Dakota,270.06099022928,Reading,8
2009,Tennessee,260.946676191649,Reading,8
2009,Texas,260.368795018986,Reading,8
2009,Utah,265.591577109328,Reading,8
2009,Vermont,272.305134189083,Reading,8
2009,Virginia,265.641981716133,Reading,8
2009,Washington,266.917617143622,Reading,8
2009,West Virginia,254.799747493408,Reading,8
2009,Wisconsin,265.812615742952,Reading,8
2009,Wyoming,268.159428117446,Reading,8
2007,Alabama,251.936881437536,Reading,8
2007,Alaska,258.798455932602,Reading,8
2007,Arizona,254.828792354004,Reading,8
2007,Arkansas,257.96099580386,Reading,8
2007,California,251.287791535591,Reading,8
2007,Colorado,266.407881623504,Reading,8
2007,Connecticut,267.055691390062,Reading,8
2007,Delaware,264.544830664544,Reading,8
2007,District of Columbia,240.793624795109,Reading,8
2007,DoDEA,272.692552866005,Reading,8
2007,Florida,259.790720651776,Reading,8
2007,Georgia,258.70499279234,Reading,8
2007,Hawaii,251.330810691924,Reading,8
2007,Idaho,264.886342446047,Reading,8
2007,Illinois,262.826617097915,Reading,8
2007,Indiana,264.095960900362,Reading,8
2007,Iowa,267.450719560442,Reading,8
2007,Kansas,267.413790936682,Reading,8
2007,Kentucky,261.965950993654,Reading,8
2007,Louisiana,253.238294281289,Reading,8
2007,Maine,269.920153818638,Reading,8
2007,Maryland,265.240121492132,Reading,8
2007,Massachusetts,273.284048809294,Reading,8
2007,Michigan,260.317706092973,Reading,8
2007,Minnesota,268.197442761373,Reading,8
2007,Mississippi,250.063570104392,Reading,8
2007,Missouri,263.442315999206,Reading,8
2007,Montana,270.937849960978,Reading,8
2007,Nebraska,267.030850555401,Reading,8
2007,Nevada,252.348473866768,Reading,8
2007,New Hampshire,269.734588561039,Reading,8
2007,New Jersey,270.141550284263,Reading,8
2007,New Mexico,250.75317445253,Reading,8
2007,New York,263.54571646767,Reading,8
2007,North Carolina,259.136703088411,Reading,8
2007,North Dakota,268.017670542433,Reading,8
2007,Ohio,267.978979400559,Reading,8
2007,Oklahoma,259.547225161046,Reading,8
2007,Oregon,265.710210180337,Reading,8
2007,Pennsylvania,267.665630227785,Reading,8
2007,Rhode Island,258.321117711185,Reading,8
2007,South Carolina,257.421202792973,Reading,8
2007,South Dakota,269.596763416027,Reading,8
2007,Tennessee,259.161954905287,Reading,8
2007,Texas,260.812919224922,Reading,8
2007,Utah,262.228024678962,Reading,8
2007,Vermont,273.045757236707,Reading,8
2007,Virginia,266.878737486076,Reading,8
2007,Washington,264.947778144606,Reading,8
2007,West Virginia,254.998552385478,Reading,8
2007,Wisconsin,264.184509633385,Reading,8
2007,Wyoming,266.22554358249,Reading,8
2005,Alabama,251.978391189903,Reading,8
2005,Alaska,258.721274696008,Reading,8
2005,Arizona,254.787938225175,Reading,8
2005,Arkansas,257.691731885046,Reading,8
2005,California,250.431056381298,Reading,8
2005,Colorado,264.758106095045,Reading,8
2005,Connecticut,264.012759246181,Reading,8
2005,Delaware,266.00936537348,Reading,8
2005,District of Columbia,238.20309296003,Reading,8
2005,DoDEA,270.508740857412,Reading,8
2005,Florida,255.779970004926,Reading,8
2005,Georgia,256.872381537265,Reading,8
2005,Hawaii,248.505423021221,Reading,8
2005,Idaho,264.301743791415,Reading,8
2005,Illinois,263.517029687837,Reading,8
2005,Indiana,261.013686455544,Reading,8
2005,Iowa,267.003171685311,Reading,8
2005,Kansas,266.831233242163,Reading,8
2005,Kentucky,263.938418419941,Reading,8
2005,Louisiana,252.691593269226,Reading,8
2005,Maine,269.983443790132,Reading,8
2005,Maryland,260.78238344543,Reading,8
2005,Massachusetts,273.716062946534,Reading,8
2005,Michigan,261.138472348508,Reading,8
2005,Minnesota,268.356672871089,Reading,8
2005,Mississippi,250.530668896407,Reading,8
2005,Missouri,264.659368767086,Reading,8
2005,Montana,269.224129746888,Reading,8
2005,Nebraska,267.455694338449,Reading,8
2005,Nevada,252.86906252292,Reading,8
2005,New Hampshire,269.651270332586,Reading,8
2005,New Jersey,269.423228138126,Reading,8
2005,New Mexico,251.033330748445,Reading,8
2005,New York,265.138561817316,Reading,8
2005,North Carolina,258.160185489234,Reading,8
2005,North Dakota,270.243755830946,Reading,8
2005,Ohio,266.767281184036,Reading,8
2005,Oklahoma,259.631359955752,Reading,8
2005,Oregon,263.156890818544,Reading,8
2005,Pennsylvania,266.821911059188,Reading,8
2005,Rhode Island,260.968326762196,Reading,8
2005,South Carolina,257.16910456442,Reading,8
2005,South Dakota,268.540435645755,Reading,8
2005,Tennessee,259.072341834008,Reading,8
2005,Texas,258.191597999486,Reading,8
2005,Utah,261.87087212251,Reading,8
2005,Vermont,268.772420626961,Reading,8
2005,Virginia,267.808966738154,Reading,8
2005,Washington,264.656551932316,Reading,8
2005,West Virginia,255.0733795631,Reading,8
2005,Wisconsin,266.228560789199,Reading,8
2005,Wyoming,268.124234884295,Reading,8
2003,Alabama,253.172593739071,Reading,8
2003,Alaska,256.409625298838,Reading,8
2003,Arizona,255.320115210993,Reading,8
2003,Arkansas,257.998089007686,Reading,8
2003,California,251.007500405859,Reading,8
2003,Colorado,267.592640864405,Reading,8
2003,Connecticut,267.218075351081,Reading,8
2003,Delaware,264.532051451005,Reading,8
2003,District of Columbia,238.700733278197,Reading,8
2003,DoDEA,271.790968707121,Reading,8
2003,Florida,257.301319786896,Reading,8
2003,Georgia,257.714824971911,Reading,8
2003,Hawaii,251.284801856226,Reading,8
2003,Idaho,264.439775716816,Reading,8
2003,Illinois,266.408968905567,Reading,8
2003,Indiana,264.832532267553,Reading,8
2003,Iowa,267.5048316647,Reading,8
2003,Kansas,266.011689626198,Reading,8
2003,Kentucky,266.191435227824,Reading,8
2003,Louisiana,253.448288243581,Reading,8
2003,Maine,268.323265177592,Reading,8
2003,Maryland,261.595731939425,Reading,8
2003,Massachusetts,272.906645050057,Reading,8
2003,Michigan,264.378292493388,Reading,8
2003,Minnesota,267.711358412271,Reading,8
2003,Mississippi,255.010828024612,Reading,8
2003,Missouri,267.363673296442,Reading,8
2003,Montana,269.833415980195,Reading,8
2003,Nebraska,266.313690432675,Reading,8
2003,Nevada,252.309915677623,Reading,8
2003,New Hampshire,270.734453004041,Reading,8
2003,New Jersey,267.786953088416,Reading,8
2003,New Mexico,251.599155965354,Reading,8
2003,New York,265.329794503317,Reading,8
2003,North Carolina,261.71164481782,Reading,8
2003,North Dakota,269.73035434547,Reading,8
2003,Ohio,266.566105917826,Reading,8
2003,Oklahoma,261.719961000332,Reading,8
2003,Oregon,264.025569883652,Reading,8
2003,Pennsylvania,264.267365101484,Reading,8
2003,Rhode Island,260.879572089782,Reading,8
2003,South Carolina,258.088991442805,Reading,8
2003,South Dakota,269.971058609565,Reading,8
2003,Tennessee,258.10836458389,Reading,8
2003,Texas,258.777257969241,Reading,8
2003,Utah,264.303442578174,Reading,8
2003,Vermont,270.519439020331,Reading,8
2003,Virginia,268.004817111028,Reading,8
2003,Washington,264.494066459256,Reading,8
2003,West Virginia,259.564237912782,Reading,8
2003,Wisconsin,266.468617636836,Reading,8
2003,Wyoming,267.00102854451,Reading,8
2002,Alabama,252.501705397306,Reading,8
2002,Alaska,—,Reading,8
2002,Arizona,256.734911435366,Reading,8
2002,Arkansas,260.134870734393,Reading,8
2002,California,250.450803271288,Reading,8
2002,Colorado,—,Reading,8
2002,Connecticut,267.032072775447,Reading,8
2002,Delaware,267.274190158207,Reading,8
2002,District of Columbia,239.810524714068,Reading,8
2002,DoDEA,272.913744585382,Reading,8
2002,Florida,261.053655909529,Reading,8
2002,Georgia,258.005481643787,Reading,8
2002,Hawaii,251.613131557334,Reading,8
2002,Idaho,266.499769185748,Reading,8
2002,Illinois,‡,Reading,8
2002,Indiana,264.888121113381,Reading,8
2002,Iowa,—,Reading,8
2002,Kansas,269.11593569735,Reading,8
2002,Kentucky,265.246740416014,Reading,8
2002,Louisiana,256.268351413193,Reading,8
2002,Maine,269.821249244155,Reading,8
2002,Maryland,263.344864194438,Reading,8
2002,Massachusetts,270.518266591247,Reading,8
2002,Michigan,264.72304587388,Reading,8
2002,Minnesota,‡,Reading,8
2002,Mississippi,255.021192735284,Reading,8
2002,Missouri,267.909415312882,Reading,8
2002,Montana,270.165042334049,Reading,8
2002,Nebraska,269.948920609891,Reading,8
2002,Nevada,251.363200981162,Reading,8
2002,New Hampshire,—,Reading,8
2002,New Jersey,—,Reading,8
2002,New Mexico,253.662756337578,Reading,8
2002,New York,263.948636520536,Reading,8
2002,North Carolina,265.022858505901,Reading,8
2002,North Dakota,268.090026516872,Reading,8
2002,Ohio,268.315861934206,Reading,8
2002,Oklahoma,262.012002985815,Reading,8
2002,Oregon,268.144530470889,Reading,8
2002,Pennsylvania,265.320558357815,Reading,8
2002,Rhode Island,261.903434341009,Reading,8
2002,South Carolina,257.640782839043,Reading,8
2002,South Dakota,—,Reading,8
2002,Tennessee,260.276441370062,Reading,8
2002,Texas,262.100424202088,Reading,8
2002,Utah,263.283637608256,Reading,8
2002,Vermont,271.834589771075,Reading,8
2002,Virginia,269.197450536696,Reading,8
2002,Washington,268.168154334937,Reading,8
2002,West Virginia,263.689781060585,Reading,8
2002,Wisconsin,‡,Reading,8
2002,Wyoming,264.938465791346,Reading,8
1998,Alabama,255.226634758003,Reading,8
1998,Alaska,—,Reading,8
1998,Arizona,260.800207957654,Reading,8
1998,Arkansas,255.726530460758,Reading,8
1998,California,253.212951848734,Reading,8
1998,Colorado,263.542195758144,Reading,8
1998,Connecticut,271.566770262617,Reading,8
1998,Delaware,255.88232724792,Reading,8
1998,District of Columbia,236.379101763314,Reading,8
1998,DoDEA,269.164666217334,Reading,8
1998,Florida,253.334826741604,Reading,8
1998,Georgia,257.073154114235,Reading,8
1998,Hawaii,249.689755497402,Reading,8
1998,Idaho,—,Reading,8
1998,Illinois,‡,Reading,8
1998,Indiana,—,Reading,8
1998,Iowa,—,Reading,8
1998,Kansas,267.788195442013,Reading,8
1998,Kentucky,262.061713560245,Reading,8
1998,Louisiana,251.891860455233,Reading,8
1998,Maine,272.647106316912,Reading,8
1998,Maryland,262.102922675169,Reading,8
1998,Massachusetts,268.872457894829,Reading,8
1998,Michigan,—,Reading,8
1998,Minnesota,267.218236187418,Reading,8
1998,Mississippi,250.578131600625,Reading,8
1998,Missouri,262.90367876662,Reading,8
1998,Montana,270.21341948159,Reading,8
1998,Nebraska,—,Reading,8
1998,Nevada,256.838401303912,Reading,8
1998,New Hampshire,—,Reading,8
1998,New Jersey,—,Reading,8
1998,New Mexico,257.532427542738,Reading,8
1998,New York,266.311662282306,Reading,8
1998,North Carolina,263.591741914869,Reading,8
1998,North Dakota,—,Reading,8
1998,Ohio,—,Reading,8
1998,Oklahoma,265.363798443416,Reading,8
1998,Oregon,265.807107945656,Reading,8
1998,Pennsylvania,—,Reading,8
1998,Rhode Island,262.3251264024,Reading,8
1998,South Carolina,254.523636960236,Reading,8
1998,South Dakota,—,Reading,8
1998,Tennessee,258.859712454914,Reading,8
1998,Texas,262.169894656696,Reading,8
1998,Utah,264.619664664416,Reading,8
1998,Vermont,—,Reading,8
1998,Virginia,266.41968692283,Reading,8
1998,Washington,264.713904329936,Reading,8
1998,West Virginia,261.57792090563,Reading,8
1998,Wisconsin,265.976765009526,Reading,8
1998,Wyoming,262.118986062654,Reading,8
